timestamp,rp2040_uid,x_uT,y_uT,z_uT
2026-09-18T13:47:36,df6470a31b744b2e,-98.000,26264.000,-20286.000
2026-09-18T13:47:37,df6470a31b744b2e,294.000,26264.000,-20286.000
2026-09-18T13:47:38,df6470a31b744b2e,98.000,26264.000,-20090.000
2026-09-18T13:47:39,df6470a31b744b2e,98.000,26362.000,-20090.000
2026-09-18T13:47:40,df6470a31b744b2e,98.000,26166.000,-20188.000
2026-09-18T13:47:41,df6470a31b744b2e,0.000,26362.000,-20188.000
2026-09-18T13:47:42,df6470a31b744b2e,294.000,26068.000,-20090.000
2026-09-18T13:47:43,df6470a31b744b2e,98.000,26166.000,-20090.000
2026-09-18T13:47:44,df6470a31b744b2e,0.000,26460.000,-20090.000
2026-09-18T13:47:45,df6470a31b744b2e,196.000,26362.000,-20188.000
2026-09-18T13:47:46,df6470a31b744b2e,196.000,26166.000,-20090.000
2026-09-18T13:47:47,df6470a31b744b2e,196.000,26264.000,-20090.000
2026-09-18T13:47:48,df6470a31b744b2e,98.000,26264.000,-20188.000
2026-09-18T13:47:49,df6470a31b744b2e,196.000,26362.000,-20188.000
2026-09-18T13:47:50,df6470a31b744b2e,294.000,26656.000,-20188.000
2026-09-18T13:47:51,df6470a31b744b2e,392.000,25970.000,-20090.000
2026-09-18T13:47:52,df6470a31b744b2e,294.000,26264.000,-20286.000
2026-09-18T13:47:53,df6470a31b744b2e,392.000,26264.000,-20090.000
2026-09-18T13:47:54,df6470a31b744b2e,196.000,26068.000,-19992.000
2026-09-18T13:47:55,df6470a31b744b2e,392.000,26166.000,-20090.000
2026-09-18T13:47:56,df6470a31b744b2e,294.000,26166.000,-20090.000
2026-09-18T13:47:57,df6470a31b744b2e,196.000,26166.000,-20188.000
2026-09-18T13:47:58,df6470a31b744b2e,392.000,26264.000,-20188.000
2026-09-18T13:47:59,df6470a31b744b2e,490.000,26558.000,-20286.000
2026-09-18T13:48:00,df6470a31b744b2e,294.000,26362.000,-20286.000
2026-09-18T13:48:01,df6470a31b744b2e,392.000,26460.000,-20090.000
2026-09-18T13:48:02,df6470a31b744b2e,392.000,26362.000,-20188.000
2026-09-18T13:48:03,df6470a31b744b2e,490.000,26264.000,-20286.000
2026-09-18T13:48:04,df6470a31b744b2e,490.000,26264.000,-20090.000
2026-09-18T13:48:05,df6470a31b744b2e,294.000,26264.000,-20286.000
2026-09-18T13:48:06,df6470a31b744b2e,490.000,26362.000,-19894.000
2026-09-18T13:48:07,df6470a31b744b2e,490.000,26362.000,-20188.000
2026-09-18T13:48:08,df6470a31b744b2e,392.000,26362.000,-20286.000
2026-09-18T13:48:09,df6470a31b744b2e,392.000,26362.000,-19992.000
2026-09-18T13:48:10,df6470a31b744b2e,490.000,26264.000,-19992.000
2026-09-18T13:48:11,df6470a31b744b2e,392.000,26264.000,-20188.000
2026-09-18T13:48:12,df6470a31b744b2e,392.000,26362.000,-19992.000
2026-09-18T13:48:13,df6470a31b744b2e,490.000,26264.000,-20188.000
2026-09-18T13:48:14,df6470a31b744b2e,490.000,26264.000,-20188.000
2026-09-18T13:48:15,df6470a31b744b2e,490.000,26362.000,-20188.000
2026-09-18T13:48:16,df6470a31b744b2e,490.000,26264.000,-19894.000
2026-09-18T13:48:17,df6470a31b744b2e,294.000,26264.000,-20286.000
2026-09-18T13:48:18,df6470a31b744b2e,392.000,26362.000,-20090.000
2026-09-18T13:48:19,df6470a31b744b2e,490.000,26362.000,-20286.000
2026-09-18T13:48:20,df6470a31b744b2e,392.000,26264.000,-20188.000
2026-09-18T13:48:21,df6470a31b744b2e,490.000,26166.000,-20188.000
2026-09-18T13:48:22,df6470a31b744b2e,392.000,26264.000,-20286.000
2026-09-18T13:48:23,df6470a31b744b2e,196.000,26362.000,-20090.000
2026-09-18T13:48:24,df6470a31b744b2e,490.000,26264.000,-20188.000
2026-09-18T13:48:25,df6470a31b744b2e,588.000,26362.000,-20090.000
2026-09-18T13:48:26,df6470a31b744b2e,392.000,26264.000,-20286.000
2026-09-18T13:48:27,df6470a31b744b2e,588.000,26264.000,-20090.000
2026-09-18T13:48:28,df6470a31b744b2e,392.000,26460.000,-20090.000
2026-09-18T13:48:29,df6470a31b744b2e,588.000,26264.000,-20188.000
2026-09-18T13:48:30,df6470a31b744b2e,490.000,26166.000,-20090.000
2026-09-18T13:48:31,df6470a31b744b2e,294.000,26362.000,-20286.000
2026-09-18T13:48:32,df6470a31b744b2e,392.000,26558.000,-20090.000
2026-09-18T13:48:33,df6470a31b744b2e,490.000,26264.000,-20286.000
2026-09-18T13:48:34,df6470a31b744b2e,392.000,26460.000,-20188.000
2026-09-18T13:48:35,df6470a31b744b2e,490.000,26362.000,-20188.000
2026-09-18T13:48:36,df6470a31b744b2e,588.000,26362.000,-20188.000
2026-09-18T13:48:37,df6470a31b744b2e,392.000,26264.000,-20286.000
2026-09-18T13:49:17,df6470a31b744b2e,1274.000,17640.000,-17738.000
2026-09-18T13:49:18,df6470a31b744b2e,1176.000,17738.000,-17836.000
2026-09-18T13:49:19,df6470a31b744b2e,1078.000,17738.000,-17738.000
2026-09-18T13:49:20,df6470a31b744b2e,1078.000,17738.000,-17640.000
2026-09-18T13:49:21,df6470a31b744b2e,1176.000,17738.000,-17836.000
2026-09-18T13:49:22,df6470a31b744b2e,1176.000,17836.000,-17934.000
2026-09-18T13:49:23,df6470a31b744b2e,1176.000,17542.000,-17836.000
2026-09-18T13:49:24,df6470a31b744b2e,1176.000,17542.000,-17836.000
2026-09-18T13:49:25,df6470a31b744b2e,1176.000,17542.000,-17836.000
2026-09-18T13:49:26,df6470a31b744b2e,1176.000,17836.000,-17934.000
2026-09-18T13:49:27,df6470a31b744b2e,1176.000,17836.000,-17836.000
2026-09-18T13:49:28,df6470a31b744b2e,1274.000,17640.000,-17738.000
2026-09-18T13:49:29,df6470a31b744b2e,1274.000,17640.000,-17934.000
2026-09-18T13:49:30,df6470a31b744b2e,1274.000,17542.000,-17934.000
2026-09-18T13:49:31,df6470a31b744b2e,1176.000,17640.000,-17836.000
2026-09-18T13:49:32,df6470a31b744b2e,1274.000,17542.000,-17934.000
2026-09-18T13:49:33,df6470a31b744b2e,1176.000,17640.000,-17836.000
2026-09-18T13:49:34,df6470a31b744b2e,1078.000,17640.000,-17836.000
2026-09-18T13:49:35,df6470a31b744b2e,1176.000,17738.000,-17738.000
2026-09-18T13:49:36,df6470a31b744b2e,1274.000,17542.000,-17738.000
2026-09-18T13:49:37,df6470a31b744b2e,1176.000,17542.000,-17934.000
2026-09-18T13:49:38,df6470a31b744b2e,1274.000,17738.000,-17738.000
2026-09-18T13:49:39,df6470a31b744b2e,1274.000,17640.000,-17738.000
2026-09-18T13:49:40,df6470a31b744b2e,1274.000,17444.000,-17738.000
2026-09-18T13:49:41,df6470a31b744b2e,1176.000,17542.000,-17934.000
2026-09-18T13:49:42,df6470a31b744b2e,1176.000,17640.000,-17738.000
2026-09-18T13:49:43,df6470a31b744b2e,1372.000,17738.000,-17836.000
2026-09-18T13:49:44,df6470a31b744b2e,1176.000,17836.000,-17934.000
2026-09-18T13:49:45,df6470a31b744b2e,1176.000,17738.000,-17738.000
2026-09-18T13:49:46,df6470a31b744b2e,980.000,17640.000,-17738.000
2026-09-18T13:49:47,df6470a31b744b2e,1274.000,17542.000,-17934.000
2026-09-18T13:49:48,df6470a31b744b2e,1372.000,17640.000,-17836.000
2026-09-18T13:49:49,df6470a31b744b2e,1176.000,17640.000,-17738.000
2026-09-18T13:49:50,df6470a31b744b2e,1078.000,17542.000,-17640.000
2026-09-18T13:49:51,df6470a31b744b2e,1274.000,17640.000,-17738.000
2026-09-18T13:49:52,df6470a31b744b2e,1470.000,17542.000,-17738.000
2026-09-18T13:49:53,df6470a31b744b2e,1372.000,17640.000,-18032.000
2026-09-18T13:49:54,df6470a31b744b2e,1176.000,17542.000,-17738.000
2026-09-18T13:49:55,df6470a31b744b2e,1372.000,17738.000,-17738.000
2026-09-18T13:49:56,df6470a31b744b2e,1274.000,17640.000,-17934.000
2026-09-18T13:49:57,df6470a31b744b2e,1176.000,17542.000,-17836.000
2026-09-18T13:49:58,df6470a31b744b2e,1274.000,17738.000,-17738.000
2026-09-18T13:49:59,df6470a31b744b2e,1274.000,17836.000,-17738.000
2026-09-18T13:50:00,df6470a31b744b2e,1372.000,17542.000,-17934.000
2026-09-18T13:50:01,df6470a31b744b2e,1274.000,17738.000,-17738.000
2026-09-18T13:50:02,df6470a31b744b2e,1176.000,17542.000,-17738.000
2026-09-18T13:50:03,df6470a31b744b2e,1274.000,17640.000,-17738.000
2026-09-18T13:50:04,df6470a31b744b2e,1372.000,17738.000,-17738.000
2026-09-18T13:50:05,df6470a31b744b2e,1372.000,17542.000,-17836.000
2026-09-18T13:50:06,df6470a31b744b2e,1274.000,17738.000,-17640.000
2026-09-18T13:50:07,df6470a31b744b2e,1470.000,17738.000,-17738.000
2026-09-18T13:50:08,df6470a31b744b2e,1274.000,17542.000,-17934.000
2026-09-18T13:50:09,df6470a31b744b2e,1470.000,17738.000,-17934.000
2026-09-18T13:50:10,df6470a31b744b2e,1176.000,18032.000,-17640.000
2026-09-18T13:50:11,df6470a31b744b2e,1078.000,17836.000,-17934.000
2026-09-18T13:50:12,df6470a31b744b2e,1176.000,17542.000,-17836.000
2026-09-18T13:50:13,df6470a31b744b2e,1176.000,17836.000,-17640.000
2026-09-18T13:50:14,df6470a31b744b2e,1372.000,17542.000,-17934.000
2026-09-18T13:50:15,df6470a31b744b2e,1372.000,17640.000,-17640.000
2026-09-18T13:50:16,df6470a31b744b2e,1274.000,17542.000,-17640.000
2026-09-18T13:50:17,df6470a31b744b2e,1568.000,17640.000,-17836.000
2026-09-18T13:53:24,df6470a31b744b2e,1372.000,11858.000,-14798.000
2026-09-18T13:53:25,df6470a31b744b2e,1274.000,11858.000,-14896.000
2026-09-18T13:53:26,df6470a31b744b2e,1372.000,11858.000,-14798.000
2026-09-18T13:53:27,df6470a31b744b2e,1274.000,11858.000,-14896.000
2026-09-18T13:53:28,df6470a31b744b2e,1176.000,11858.000,-15092.000
2026-09-18T13:53:29,df6470a31b744b2e,1176.000,11760.000,-14798.000
2026-09-18T13:53:30,df6470a31b744b2e,1372.000,11760.000,-14798.000
2026-09-18T13:53:31,df6470a31b744b2e,1470.000,11858.000,-14896.000
2026-09-18T13:53:32,df6470a31b744b2e,1372.000,11858.000,-14700.000
2026-09-18T13:53:33,df6470a31b744b2e,1274.000,11858.000,-14798.000
2026-09-18T13:53:34,df6470a31b744b2e,1274.000,11858.000,-14896.000
2026-09-18T13:53:35,df6470a31b744b2e,1274.000,11760.000,-14994.000
2026-09-18T13:53:36,df6470a31b744b2e,1372.000,12054.000,-14700.000
2026-09-18T13:53:37,df6470a31b744b2e,1274.000,11956.000,-14994.000
2026-09-18T13:53:38,df6470a31b744b2e,1372.000,11956.000,-14602.000
2026-09-18T13:53:39,df6470a31b744b2e,1470.000,11956.000,-14700.000
2026-09-18T13:53:40,df6470a31b744b2e,1274.000,11858.000,-14798.000
2026-09-18T13:53:41,df6470a31b744b2e,1372.000,11858.000,-14798.000
2026-09-18T13:53:42,df6470a31b744b2e,1372.000,11858.000,-14798.000
2026-09-18T13:53:43,df6470a31b744b2e,1372.000,11956.000,-14798.000
2026-09-18T13:53:44,df6470a31b744b2e,1176.000,11760.000,-14896.000
2026-09-18T13:53:45,df6470a31b744b2e,1372.000,11956.000,-14896.000
2026-09-18T13:53:46,df6470a31b744b2e,1470.000,11760.000,-14994.000
2026-09-18T13:53:47,df6470a31b744b2e,1274.000,12054.000,-14896.000
2026-09-18T13:53:48,df6470a31b744b2e,1274.000,11760.000,-14896.000
2026-09-18T13:53:49,df6470a31b744b2e,1372.000,11858.000,-14896.000
2026-09-18T13:53:50,df6470a31b744b2e,1372.000,11858.000,-14798.000
2026-09-18T13:53:51,df6470a31b744b2e,1176.000,11858.000,-14896.000
2026-09-18T13:53:52,df6470a31b744b2e,1372.000,11760.000,-14798.000
2026-09-18T13:53:53,df6470a31b744b2e,1372.000,11858.000,-14798.000
2026-09-18T13:53:54,df6470a31b744b2e,1372.000,11956.000,-14798.000
2026-09-18T13:53:55,df6470a31b744b2e,1470.000,11858.000,-14994.000
2026-09-18T13:53:56,df6470a31b744b2e,1274.000,11858.000,-14896.000
2026-09-18T13:53:57,df6470a31b744b2e,1274.000,11760.000,-14994.000
2026-09-18T13:53:58,df6470a31b744b2e,1372.000,11956.000,-14896.000
2026-09-18T13:53:59,df6470a31b744b2e,1372.000,11858.000,-14896.000
2026-09-18T13:54:00,df6470a31b744b2e,1372.000,11956.000,-14798.000
2026-09-18T13:54:01,df6470a31b744b2e,1274.000,11956.000,-14896.000
2026-09-18T13:54:02,df6470a31b744b2e,1470.000,11956.000,-14994.000
2026-09-18T13:54:03,df6470a31b744b2e,1470.000,11858.000,-14896.000
2026-09-18T13:54:04,df6470a31b744b2e,1568.000,11858.000,-14994.000
2026-09-18T13:54:05,df6470a31b744b2e,1470.000,11858.000,-14798.000
2026-09-18T13:54:06,df6470a31b744b2e,1470.000,11760.000,-14798.000
2026-09-18T13:54:07,df6470a31b744b2e,1372.000,11760.000,-14798.000
2026-09-18T13:54:08,df6470a31b744b2e,1372.000,11858.000,-14994.000
2026-09-18T13:54:09,df6470a31b744b2e,1372.000,11956.000,-14994.000
2026-09-18T13:54:10,df6470a31b744b2e,1274.000,11858.000,-14798.000
2026-09-18T13:54:11,df6470a31b744b2e,1568.000,11858.000,-14798.000
2026-09-18T13:54:12,df6470a31b744b2e,1372.000,11760.000,-14896.000
2026-09-18T13:54:13,df6470a31b744b2e,1176.000,11760.000,-14896.000
2026-09-18T13:54:14,df6470a31b744b2e,1372.000,11760.000,-14798.000
2026-09-18T13:54:15,df6470a31b744b2e,1274.000,11956.000,-14994.000
2026-09-18T13:54:16,df6470a31b744b2e,1470.000,12054.000,-14896.000
2026-09-18T13:54:17,df6470a31b744b2e,1176.000,11760.000,-14798.000
2026-09-18T13:54:18,df6470a31b744b2e,1274.000,11760.000,-14896.000
2026-09-18T13:54:19,df6470a31b744b2e,1372.000,11956.000,-14700.000
2026-09-18T13:54:20,df6470a31b744b2e,1274.000,11858.000,-14994.000
2026-09-18T13:54:21,df6470a31b744b2e,1274.000,11956.000,-14798.000
2026-09-18T13:54:22,df6470a31b744b2e,1470.000,11956.000,-14798.000
2026-09-18T13:54:23,df6470a31b744b2e,1176.000,11858.000,-14896.000
2026-09-18T13:54:24,df6470a31b744b2e,1274.000,11760.000,-14798.000
2026-09-18T13:54:58,df6470a31b744b2e,1372.000,8036.000,-12250.000
2026-09-18T13:54:59,df6470a31b744b2e,1274.000,7938.000,-12348.000
2026-09-18T13:55:00,df6470a31b744b2e,1274.000,8036.000,-12348.000
2026-09-18T13:55:01,df6470a31b744b2e,1274.000,8134.000,-12348.000
2026-09-18T13:55:02,df6470a31b744b2e,1176.000,8134.000,-12348.000
2026-09-18T13:55:03,df6470a31b744b2e,1470.000,8134.000,-12348.000
2026-09-18T13:55:04,df6470a31b744b2e,1274.000,8330.000,-12250.000
2026-09-18T13:55:05,df6470a31b744b2e,1274.000,8134.000,-12250.000
2026-09-18T13:55:06,df6470a31b744b2e,1372.000,8134.000,-12250.000
2026-09-18T13:55:07,df6470a31b744b2e,1274.000,8232.000,-12250.000
2026-09-18T13:55:08,df6470a31b744b2e,1372.000,8232.000,-12348.000
2026-09-18T13:55:09,df6470a31b744b2e,1470.000,8232.000,-12152.000
2026-09-18T13:55:10,df6470a31b744b2e,1372.000,8036.000,-12250.000
2026-09-18T13:55:11,df6470a31b744b2e,1470.000,8134.000,-12250.000
2026-09-18T13:55:12,df6470a31b744b2e,1372.000,8134.000,-12250.000
2026-09-18T13:55:13,df6470a31b744b2e,1372.000,8232.000,-12348.000
2026-09-18T13:55:14,df6470a31b744b2e,1470.000,8134.000,-12250.000
2026-09-18T13:55:15,df6470a31b744b2e,1470.000,8232.000,-12250.000
2026-09-18T13:55:16,df6470a31b744b2e,1274.000,8036.000,-12446.000
2026-09-18T13:55:17,df6470a31b744b2e,1274.000,8036.000,-12250.000
2026-09-18T13:55:18,df6470a31b744b2e,1176.000,8134.000,-12348.000
2026-09-18T13:55:19,df6470a31b744b2e,1274.000,8232.000,-12250.000
2026-09-18T13:55:20,df6470a31b744b2e,1372.000,8134.000,-12250.000
2026-09-18T13:55:21,df6470a31b744b2e,1372.000,8134.000,-12250.000
2026-09-18T13:55:22,df6470a31b744b2e,1470.000,8232.000,-12250.000
2026-09-18T13:55:23,df6470a31b744b2e,1372.000,8232.000,-12446.000
2026-09-18T13:55:24,df6470a31b744b2e,1274.000,8232.000,-12250.000
2026-09-18T13:55:25,df6470a31b744b2e,1470.000,8134.000,-12250.000
2026-09-18T13:55:26,df6470a31b744b2e,1274.000,8134.000,-12250.000
2026-09-18T13:55:27,df6470a31b744b2e,1372.000,8134.000,-12152.000
2026-09-18T13:55:28,df6470a31b744b2e,1372.000,8232.000,-12250.000
2026-09-18T13:55:29,df6470a31b744b2e,1372.000,8134.000,-12250.000
2026-09-18T13:55:30,df6470a31b744b2e,1372.000,8036.000,-12348.000
2026-09-18T13:55:31,df6470a31b744b2e,1274.000,8134.000,-12348.000
2026-09-18T13:55:32,df6470a31b744b2e,1274.000,8232.000,-12250.000
2026-09-18T13:55:33,df6470a31b744b2e,1372.000,8036.000,-12348.000
2026-09-18T13:55:34,df6470a31b744b2e,1274.000,8134.000,-12250.000
2026-09-18T13:55:35,df6470a31b744b2e,1372.000,8134.000,-12348.000
2026-09-18T13:55:36,df6470a31b744b2e,1372.000,8232.000,-12152.000
2026-09-18T13:55:37,df6470a31b744b2e,1372.000,8036.000,-12348.000
2026-09-18T13:55:38,df6470a31b744b2e,1372.000,8134.000,-12250.000
2026-09-18T13:55:39,df6470a31b744b2e,1274.000,8232.000,-12152.000
2026-09-18T13:55:40,df6470a31b744b2e,1274.000,8232.000,-12348.000
2026-09-18T13:55:41,df6470a31b744b2e,1372.000,8330.000,-12152.000
2026-09-18T13:55:42,df6470a31b744b2e,1372.000,8134.000,-12250.000
2026-09-18T13:55:43,df6470a31b744b2e,1274.000,8036.000,-12250.000
2026-09-18T13:55:44,df6470a31b744b2e,1372.000,8330.000,-12348.000
2026-09-18T13:55:45,df6470a31b744b2e,1274.000,8134.000,-12250.000
2026-09-18T13:55:46,df6470a31b744b2e,1470.000,8330.000,-12348.000
2026-09-18T13:55:47,df6470a31b744b2e,1372.000,8232.000,-12348.000
2026-09-18T13:55:48,df6470a31b744b2e,1470.000,8232.000,-12152.000
2026-09-18T13:55:49,df6470a31b744b2e,1274.000,8134.000,-12348.000
2026-09-18T13:55:50,df6470a31b744b2e,1372.000,8134.000,-12152.000
2026-09-18T13:55:51,df6470a31b744b2e,1470.000,8134.000,-12250.000
2026-09-18T13:55:52,df6470a31b744b2e,1274.000,8134.000,-12152.000
2026-09-18T13:55:53,df6470a31b744b2e,1372.000,8330.000,-12250.000
2026-09-18T13:55:54,df6470a31b744b2e,1372.000,8232.000,-12348.000
2026-09-18T13:55:55,df6470a31b744b2e,1274.000,8232.000,-12250.000
2026-09-18T13:55:56,df6470a31b744b2e,1372.000,8134.000,-12348.000
2026-09-18T13:55:57,df6470a31b744b2e,1274.000,8134.000,-12250.000
2026-09-18T13:55:58,df6470a31b744b2e,1372.000,8036.000,-12348.000
2026-09-18T13:56:18,df6470a31b744b2e,1176.000,5586.000,-10192.000
2026-09-18T13:56:19,df6470a31b744b2e,1274.000,5880.000,-10094.000
2026-09-18T13:56:20,df6470a31b744b2e,882.000,5782.000,-10094.000
2026-09-18T13:56:21,df6470a31b744b2e,1078.000,5684.000,-10192.000
2026-09-18T13:56:22,df6470a31b744b2e,1176.000,5684.000,-10290.000
2026-09-18T13:56:23,df6470a31b744b2e,1176.000,5684.000,-10192.000
2026-09-18T13:56:24,df6470a31b744b2e,1078.000,5586.000,-10290.000
2026-09-18T13:56:25,df6470a31b744b2e,1176.000,5782.000,-10192.000
2026-09-18T13:56:26,df6470a31b744b2e,1274.000,5684.000,-10192.000
2026-09-18T13:56:27,df6470a31b744b2e,1078.000,5880.000,-10192.000
2026-09-18T13:56:28,df6470a31b744b2e,1176.000,5586.000,-10192.000
2026-09-18T13:56:29,df6470a31b744b2e,1176.000,5684.000,-10290.000
2026-09-18T13:56:30,df6470a31b744b2e,1176.000,5782.000,-10290.000
2026-09-18T13:56:31,df6470a31b744b2e,1372.000,5684.000,-10388.000
2026-09-18T13:56:32,df6470a31b744b2e,1176.000,5782.000,-10290.000
2026-09-18T13:56:33,df6470a31b744b2e,1176.000,5684.000,-10094.000
2026-09-18T13:56:34,df6470a31b744b2e,1176.000,5684.000,-10290.000
2026-09-18T13:56:35,df6470a31b744b2e,1274.000,5586.000,-10192.000
2026-09-18T13:56:36,df6470a31b744b2e,1176.000,5782.000,-10192.000
2026-09-18T13:56:37,df6470a31b744b2e,1274.000,5782.000,-10290.000
2026-09-18T13:56:38,df6470a31b744b2e,1176.000,5684.000,-10094.000
2026-09-18T13:56:39,df6470a31b744b2e,1176.000,5782.000,-10192.000
2026-09-18T13:56:40,df6470a31b744b2e,1078.000,5684.000,-10192.000
2026-09-18T13:56:41,df6470a31b744b2e,1078.000,5782.000,-10094.000
2026-09-18T13:56:42,df6470a31b744b2e,1078.000,5684.000,-10192.000
2026-09-18T13:56:43,df6470a31b744b2e,1274.000,5586.000,-10094.000
2026-09-18T13:56:44,df6470a31b744b2e,1176.000,5684.000,-9996.000
2026-09-18T13:56:45,df6470a31b744b2e,1274.000,5684.000,-10290.000
2026-09-18T13:56:46,df6470a31b744b2e,1274.000,5684.000,-10290.000
2026-09-18T13:56:47,df6470a31b744b2e,1176.000,5586.000,-10192.000
2026-09-18T13:56:48,df6470a31b744b2e,1274.000,5684.000,-10192.000
2026-09-18T13:56:49,df6470a31b744b2e,1274.000,5684.000,-10290.000
2026-09-18T13:56:50,df6470a31b744b2e,1274.000,5684.000,-10290.000
2026-09-18T13:56:51,df6470a31b744b2e,1176.000,5684.000,-10192.000
2026-09-18T13:56:52,df6470a31b744b2e,1176.000,5684.000,-10290.000
2026-09-18T13:56:53,df6470a31b744b2e,1176.000,5782.000,-10290.000
2026-09-18T13:56:54,df6470a31b744b2e,1274.000,5684.000,-9996.000
2026-09-18T13:56:55,df6470a31b744b2e,1176.000,5880.000,-10192.000
2026-09-18T13:56:56,df6470a31b744b2e,1274.000,5586.000,-10290.000
2026-09-18T13:56:57,df6470a31b744b2e,1078.000,5684.000,-10192.000
2026-09-18T13:56:58,df6470a31b744b2e,1176.000,5586.000,-10290.000
2026-09-18T13:56:59,df6470a31b744b2e,1176.000,5684.000,-10192.000
2026-09-18T13:57:00,df6470a31b744b2e,1078.000,5782.000,-10388.000
2026-09-18T13:57:01,df6470a31b744b2e,1568.000,5782.000,-10192.000
2026-09-18T13:57:02,df6470a31b744b2e,1274.000,5684.000,-10192.000
2026-09-18T13:57:03,df6470a31b744b2e,1176.000,5684.000,-10094.000
2026-09-18T13:57:04,df6470a31b744b2e,1176.000,5586.000,-10192.000
2026-09-18T13:57:05,df6470a31b744b2e,1274.000,5684.000,-10094.000
2026-09-18T13:57:06,df6470a31b744b2e,1176.000,5978.000,-10192.000
2026-09-18T13:57:07,df6470a31b744b2e,1274.000,5880.000,-10094.000
2026-09-18T13:57:08,df6470a31b744b2e,1274.000,5684.000,-10094.000
2026-09-18T13:57:09,df6470a31b744b2e,1372.000,5684.000,-10094.000
2026-09-18T13:57:10,df6470a31b744b2e,1470.000,5978.000,-10094.000
2026-09-18T13:57:11,df6470a31b744b2e,1176.000,5782.000,-10290.000
2026-09-18T13:57:12,df6470a31b744b2e,1176.000,5684.000,-10192.000
2026-09-18T13:57:13,df6470a31b744b2e,1176.000,5782.000,-10094.000
2026-09-18T13:57:14,df6470a31b744b2e,1372.000,5684.000,-10192.000
2026-09-18T13:57:15,df6470a31b744b2e,1274.000,5782.000,-10094.000
2026-09-18T13:57:16,df6470a31b744b2e,1176.000,5684.000,-10094.000
2026-09-18T13:57:17,df6470a31b744b2e,1372.000,5684.000,-10290.000
2026-09-18T13:57:18,df6470a31b744b2e,1176.000,5684.000,-10290.000
2026-09-18T13:58:00,df6470a31b744b2e,980.000,4018.000,-8232.000
2026-09-18T13:58:01,df6470a31b744b2e,1274.000,4018.000,-8428.000
2026-09-18T13:58:02,df6470a31b744b2e,1078.000,4116.000,-8428.000
2026-09-18T13:58:03,df6470a31b744b2e,1078.000,4116.000,-8232.000
2026-09-18T13:58:04,df6470a31b744b2e,1078.000,4018.000,-8330.000
2026-09-18T13:58:05,df6470a31b744b2e,1176.000,4018.000,-8428.000
2026-09-18T13:58:06,df6470a31b744b2e,882.000,4214.000,-8428.000
2026-09-18T13:58:07,df6470a31b744b2e,1176.000,4018.000,-8526.000
2026-09-18T13:58:08,df6470a31b744b2e,980.000,4116.000,-8526.000
2026-09-18T13:58:09,df6470a31b744b2e,1078.000,4214.000,-8526.000
2026-09-18T13:58:10,df6470a31b744b2e,980.000,4018.000,-8722.000
2026-09-18T13:58:11,df6470a31b744b2e,784.000,4214.000,-8428.000
2026-09-18T13:58:12,df6470a31b744b2e,1078.000,4116.000,-8428.000
2026-09-18T13:58:13,df6470a31b744b2e,980.000,4116.000,-8428.000
2026-09-18T13:58:14,df6470a31b744b2e,1078.000,4018.000,-8428.000
2026-09-18T13:58:15,df6470a31b744b2e,1176.000,4018.000,-8526.000
2026-09-18T13:58:16,df6470a31b744b2e,1078.000,4116.000,-8330.000
2026-09-18T13:58:17,df6470a31b744b2e,980.000,4116.000,-8428.000
2026-09-18T13:58:18,df6470a31b744b2e,980.000,4116.000,-8526.000
2026-09-18T13:58:19,df6470a31b744b2e,1078.000,4116.000,-8330.000
2026-09-18T13:58:20,df6470a31b744b2e,980.000,4116.000,-8624.000
2026-09-18T13:58:21,df6470a31b744b2e,980.000,4018.000,-8330.000
2026-09-18T13:58:22,df6470a31b744b2e,1176.000,4116.000,-8526.000
2026-09-18T13:58:23,df6470a31b744b2e,1078.000,4116.000,-8232.000
2026-09-18T13:58:24,df6470a31b744b2e,1274.000,4116.000,-8624.000
2026-09-18T13:58:25,df6470a31b744b2e,1078.000,4116.000,-8330.000
2026-09-18T13:58:26,df6470a31b744b2e,1176.000,4116.000,-8428.000
2026-09-18T13:58:27,df6470a31b744b2e,882.000,4116.000,-8526.000
2026-09-18T13:58:28,df6470a31b744b2e,1176.000,4018.000,-8330.000
2026-09-18T13:58:29,df6470a31b744b2e,1078.000,3920.000,-8526.000
2026-09-18T13:58:30,df6470a31b744b2e,1176.000,4116.000,-8526.000
2026-09-18T13:58:31,df6470a31b744b2e,1176.000,4018.000,-8330.000
2026-09-18T13:58:32,df6470a31b744b2e,882.000,4214.000,-8330.000
2026-09-18T13:58:33,df6470a31b744b2e,980.000,4116.000,-8428.000
2026-09-18T13:58:34,df6470a31b744b2e,1176.000,4312.000,-8330.000
2026-09-18T13:58:35,df6470a31b744b2e,1176.000,4116.000,-8428.000
2026-09-18T13:58:36,df6470a31b744b2e,1176.000,4116.000,-8428.000
2026-09-18T13:58:37,df6470a31b744b2e,1078.000,4214.000,-8428.000
2026-09-18T13:58:38,df6470a31b744b2e,1274.000,4116.000,-8526.000
2026-09-18T13:58:39,df6470a31b744b2e,980.000,4214.000,-8428.000
2026-09-18T13:58:40,df6470a31b744b2e,1176.000,4018.000,-8428.000
2026-09-18T13:58:41,df6470a31b744b2e,1176.000,4116.000,-8428.000
2026-09-18T13:58:42,df6470a31b744b2e,1176.000,4116.000,-8526.000
2026-09-18T13:58:43,df6470a31b744b2e,1176.000,4116.000,-8526.000
2026-09-18T13:58:44,df6470a31b744b2e,1078.000,3822.000,-8232.000
2026-09-18T13:58:45,df6470a31b744b2e,1078.000,4018.000,-8526.000
2026-09-18T13:58:46,df6470a31b744b2e,980.000,4214.000,-8526.000
2026-09-18T13:58:47,df6470a31b744b2e,1078.000,4116.000,-8134.000
2026-09-18T13:58:48,df6470a31b744b2e,1274.000,4116.000,-8428.000
2026-09-18T13:58:49,df6470a31b744b2e,1176.000,4018.000,-8330.000
2026-09-18T13:58:50,df6470a31b744b2e,1078.000,4214.000,-8526.000
2026-09-18T13:58:51,df6470a31b744b2e,1176.000,4116.000,-8526.000
2026-09-18T13:58:52,df6470a31b744b2e,1078.000,4018.000,-8428.000
2026-09-18T13:58:53,df6470a31b744b2e,1078.000,4214.000,-8722.000
2026-09-18T13:58:54,df6470a31b744b2e,1078.000,4116.000,-8232.000
2026-09-18T13:58:55,df6470a31b744b2e,1078.000,4116.000,-8526.000
2026-09-18T13:58:56,df6470a31b744b2e,1274.000,4116.000,-8330.000
2026-09-18T13:58:57,df6470a31b744b2e,1078.000,3920.000,-8624.000
2026-09-18T13:58:58,df6470a31b744b2e,882.000,3920.000,-8428.000
2026-09-18T13:58:59,df6470a31b744b2e,1176.000,4116.000,-8428.000
2026-09-18T13:59:00,df6470a31b744b2e,1078.000,4116.000,-8330.000
2026-09-18T13:59:24,df6470a31b744b2e,980.000,3038.000,-7056.000
2026-09-18T13:59:25,df6470a31b744b2e,784.000,3038.000,-7154.000
2026-09-18T13:59:26,df6470a31b744b2e,980.000,3136.000,-7056.000
2026-09-18T13:59:27,df6470a31b744b2e,882.000,3038.000,-6958.000
2026-09-18T13:59:28,df6470a31b744b2e,980.000,3136.000,-7154.000
2026-09-18T13:59:29,df6470a31b744b2e,1078.000,2940.000,-7252.000
2026-09-18T13:59:30,df6470a31b744b2e,882.000,3038.000,-6860.000
2026-09-18T13:59:31,df6470a31b744b2e,980.000,3038.000,-6958.000
2026-09-18T13:59:32,df6470a31b744b2e,980.000,2940.000,-7056.000
2026-09-18T13:59:33,df6470a31b744b2e,882.000,3038.000,-7154.000
2026-09-18T13:59:34,df6470a31b744b2e,980.000,3038.000,-7154.000
2026-09-18T13:59:35,df6470a31b744b2e,1078.000,3038.000,-6860.000
2026-09-18T13:59:36,df6470a31b744b2e,980.000,3136.000,-7154.000
2026-09-18T13:59:37,df6470a31b744b2e,784.000,3038.000,-6762.000
2026-09-18T13:59:38,df6470a31b744b2e,1078.000,3136.000,-7056.000
2026-09-18T13:59:39,df6470a31b744b2e,882.000,2940.000,-7056.000
2026-09-18T13:59:40,df6470a31b744b2e,882.000,3038.000,-7154.000
2026-09-18T13:59:41,df6470a31b744b2e,1078.000,3038.000,-6860.000
2026-09-18T13:59:42,df6470a31b744b2e,882.000,3136.000,-7056.000
2026-09-18T13:59:43,df6470a31b744b2e,980.000,3038.000,-7056.000
2026-09-18T13:59:44,df6470a31b744b2e,882.000,2744.000,-6860.000
2026-09-18T13:59:45,df6470a31b744b2e,980.000,3136.000,-7154.000
2026-09-18T13:59:46,df6470a31b744b2e,1078.000,2940.000,-6958.000
2026-09-18T13:59:47,df6470a31b744b2e,980.000,2940.000,-7252.000
2026-09-18T13:59:48,df6470a31b744b2e,980.000,3136.000,-6860.000
2026-09-18T13:59:49,df6470a31b744b2e,882.000,3038.000,-7056.000
2026-09-18T13:59:50,df6470a31b744b2e,882.000,3234.000,-6958.000
2026-09-18T13:59:51,df6470a31b744b2e,1078.000,2940.000,-7056.000
2026-09-18T13:59:52,df6470a31b744b2e,980.000,3038.000,-6958.000
2026-09-18T13:59:53,df6470a31b744b2e,882.000,3038.000,-7154.000
2026-09-18T13:59:54,df6470a31b744b2e,882.000,3038.000,-7154.000
2026-09-18T13:59:55,df6470a31b744b2e,980.000,2940.000,-7056.000
2026-09-18T13:59:56,df6470a31b744b2e,784.000,3038.000,-6958.000
2026-09-18T13:59:57,df6470a31b744b2e,980.000,3136.000,-7154.000
2026-09-18T13:59:58,df6470a31b744b2e,1078.000,3038.000,-7056.000
2026-09-18T13:59:59,df6470a31b744b2e,882.000,2940.000,-7056.000
2026-09-18T14:00:00,df6470a31b744b2e,882.000,2940.000,-6860.000
2026-09-18T14:00:01,df6470a31b744b2e,1078.000,2842.000,-6958.000
2026-09-18T14:00:02,df6470a31b744b2e,882.000,2940.000,-7056.000
2026-09-18T14:00:03,df6470a31b744b2e,980.000,3136.000,-7154.000
2026-09-18T14:00:04,df6470a31b744b2e,980.000,3038.000,-6958.000
2026-09-18T14:00:05,df6470a31b744b2e,1078.000,2940.000,-7154.000
2026-09-18T14:00:06,df6470a31b744b2e,1078.000,2940.000,-6958.000
2026-09-18T14:00:07,df6470a31b744b2e,980.000,3136.000,-7056.000
2026-09-18T14:00:08,df6470a31b744b2e,980.000,3038.000,-7056.000
2026-09-18T14:00:09,df6470a31b744b2e,882.000,2940.000,-7154.000
2026-09-18T14:00:10,df6470a31b744b2e,882.000,3038.000,-7154.000
2026-09-18T14:00:11,df6470a31b744b2e,980.000,3038.000,-7056.000
2026-09-18T14:00:12,df6470a31b744b2e,980.000,2940.000,-6958.000
2026-09-18T14:00:13,df6470a31b744b2e,784.000,3136.000,-7154.000
2026-09-18T14:00:14,df6470a31b744b2e,882.000,2940.000,-6958.000
2026-09-18T14:00:15,df6470a31b744b2e,980.000,3038.000,-7056.000
2026-09-18T14:00:16,df6470a31b744b2e,1078.000,2940.000,-7056.000
2026-09-18T14:00:17,df6470a31b744b2e,980.000,3038.000,-7154.000
2026-09-18T14:00:18,df6470a31b744b2e,1078.000,3234.000,-6958.000
2026-09-18T14:00:19,df6470a31b744b2e,686.000,2842.000,-6860.000
2026-09-18T14:00:20,df6470a31b744b2e,1078.000,3038.000,-6860.000
2026-09-18T14:00:21,df6470a31b744b2e,784.000,2940.000,-7056.000
2026-09-18T14:00:22,df6470a31b744b2e,980.000,2940.000,-7056.000
2026-09-18T14:00:23,df6470a31b744b2e,784.000,2842.000,-6958.000
2026-09-18T14:00:24,df6470a31b744b2e,980.000,3038.000,-6958.000
2026-09-18T14:08:09,df6470a31b744b2e,784.000,2352.000,-6272.000
2026-09-18T14:08:10,df6470a31b744b2e,686.000,2352.000,-5978.000
2026-09-18T14:08:11,df6470a31b744b2e,1078.000,2156.000,-5978.000
2026-09-18T14:08:12,df6470a31b744b2e,882.000,2156.000,-6174.000
2026-09-18T14:08:13,df6470a31b744b2e,882.000,2450.000,-6174.000
2026-09-18T14:08:14,df6470a31b744b2e,882.000,2450.000,-6076.000
2026-09-18T14:08:15,df6470a31b744b2e,784.000,2352.000,-6076.000
2026-09-18T14:08:16,df6470a31b744b2e,980.000,2156.000,-6174.000
2026-09-18T14:08:17,df6470a31b744b2e,882.000,2254.000,-5978.000
2026-09-18T14:08:18,df6470a31b744b2e,784.000,2254.000,-5978.000
2026-09-18T14:08:19,df6470a31b744b2e,784.000,2352.000,-6174.000
2026-09-18T14:08:20,df6470a31b744b2e,686.000,2254.000,-6076.000
2026-09-18T14:08:21,df6470a31b744b2e,686.000,2156.000,-5880.000
2026-09-18T14:08:22,df6470a31b744b2e,882.000,2156.000,-6272.000
2026-09-18T14:08:23,df6470a31b744b2e,784.000,2254.000,-6174.000
2026-09-18T14:08:24,df6470a31b744b2e,882.000,2254.000,-5978.000
2026-09-18T14:08:25,df6470a31b744b2e,686.000,2156.000,-6174.000
2026-09-18T14:08:26,df6470a31b744b2e,784.000,2352.000,-5880.000
2026-09-18T14:08:27,df6470a31b744b2e,784.000,2254.000,-6076.000
2026-09-18T14:08:28,df6470a31b744b2e,784.000,2156.000,-5978.000
2026-09-18T14:08:29,df6470a31b744b2e,588.000,2352.000,-6076.000
2026-09-18T14:08:30,df6470a31b744b2e,882.000,2156.000,-6174.000
2026-09-18T14:08:31,df6470a31b744b2e,882.000,2254.000,-6076.000
2026-09-18T14:08:32,df6470a31b744b2e,784.000,2352.000,-6076.000
2026-09-18T14:08:33,df6470a31b744b2e,686.000,2156.000,-5880.000
2026-09-18T14:08:34,df6470a31b744b2e,784.000,2058.000,-5978.000
2026-09-18T14:08:35,df6470a31b744b2e,490.000,2352.000,-6076.000
2026-09-18T14:08:36,df6470a31b744b2e,686.000,2352.000,-6076.000
2026-09-18T14:08:37,df6470a31b744b2e,784.000,2254.000,-5978.000
2026-09-18T14:08:38,df6470a31b744b2e,686.000,2254.000,-6076.000
2026-09-18T14:08:39,df6470a31b744b2e,882.000,2352.000,-6174.000
2026-09-18T14:08:40,df6470a31b744b2e,686.000,2352.000,-5978.000
2026-09-18T14:08:41,df6470a31b744b2e,686.000,2254.000,-5978.000
2026-09-18T14:08:42,df6470a31b744b2e,588.000,2254.000,-6076.000
2026-09-18T14:08:43,df6470a31b744b2e,686.000,2352.000,-5880.000
2026-09-18T14:08:44,df6470a31b744b2e,784.000,2058.000,-5880.000
2026-09-18T14:08:45,df6470a31b744b2e,686.000,2156.000,-5978.000
2026-09-18T14:08:46,df6470a31b744b2e,882.000,2156.000,-6174.000
2026-09-18T14:08:47,df6470a31b744b2e,686.000,2156.000,-6272.000
2026-09-18T14:08:48,df6470a31b744b2e,784.000,2156.000,-5978.000
2026-09-18T14:08:49,df6470a31b744b2e,686.000,2156.000,-6076.000
2026-09-18T14:08:50,df6470a31b744b2e,882.000,2254.000,-6076.000
2026-09-18T14:08:51,df6470a31b744b2e,686.000,2352.000,-5880.000
2026-09-18T14:08:52,df6470a31b744b2e,784.000,2352.000,-5880.000
2026-09-18T14:08:53,df6470a31b744b2e,490.000,2254.000,-6076.000
2026-09-18T14:08:54,df6470a31b744b2e,882.000,2254.000,-6174.000
2026-09-18T14:08:55,df6470a31b744b2e,784.000,2156.000,-6076.000
2026-09-18T14:08:56,df6470a31b744b2e,392.000,2058.000,-5978.000
2026-09-18T14:08:57,df6470a31b744b2e,882.000,2254.000,-5978.000
2026-09-18T14:08:58,df6470a31b744b2e,784.000,2254.000,-5880.000
2026-09-18T14:08:59,df6470a31b744b2e,882.000,2254.000,-6174.000
2026-09-18T14:09:00,df6470a31b744b2e,784.000,2156.000,-6076.000
2026-09-18T14:09:01,df6470a31b744b2e,686.000,2254.000,-5978.000
2026-09-18T14:09:02,df6470a31b744b2e,784.000,2254.000,-5978.000
2026-09-18T14:09:03,df6470a31b744b2e,784.000,2450.000,-6174.000
2026-09-18T14:09:04,df6470a31b744b2e,882.000,2254.000,-5978.000
2026-09-18T14:09:05,df6470a31b744b2e,882.000,2450.000,-6174.000
2026-09-18T14:09:06,df6470a31b744b2e,686.000,2352.000,-5880.000
2026-09-18T14:09:07,df6470a31b744b2e,784.000,2352.000,-6076.000
2026-09-18T14:09:08,df6470a31b744b2e,882.000,2352.000,-5880.000
2026-09-18T14:09:09,df6470a31b744b2e,686.000,2058.000,-6174.000
2026-09-18T14:09:35,df6470a31b744b2e,784.000,1568.000,-5096.000
2026-09-18T14:09:36,df6470a31b744b2e,588.000,1666.000,-5096.000
2026-09-18T14:09:37,df6470a31b744b2e,588.000,1764.000,-5096.000
2026-09-18T14:09:38,df6470a31b744b2e,686.000,1666.000,-5194.000
2026-09-18T14:09:39,df6470a31b744b2e,588.000,1764.000,-5194.000
2026-09-18T14:09:40,df6470a31b744b2e,784.000,1764.000,-5096.000
2026-09-18T14:09:41,df6470a31b744b2e,588.000,1666.000,-5096.000
2026-09-18T14:09:42,df6470a31b744b2e,686.000,1666.000,-4998.000
2026-09-18T14:09:43,df6470a31b744b2e,882.000,1764.000,-5292.000
2026-09-18T14:09:44,df6470a31b744b2e,784.000,1764.000,-5096.000
2026-09-18T14:09:45,df6470a31b744b2e,784.000,1470.000,-5194.000
2026-09-18T14:09:46,df6470a31b744b2e,588.000,1666.000,-5194.000
2026-09-18T14:09:47,df6470a31b744b2e,686.000,1764.000,-5096.000
2026-09-18T14:09:48,df6470a31b744b2e,686.000,1764.000,-4998.000
2026-09-18T14:09:49,df6470a31b744b2e,588.000,1666.000,-5194.000
2026-09-18T14:09:50,df6470a31b744b2e,784.000,1764.000,-5096.000
2026-09-18T14:09:51,df6470a31b744b2e,686.000,1666.000,-5194.000
2026-09-18T14:09:52,df6470a31b744b2e,784.000,1764.000,-5292.000
2026-09-18T14:09:53,df6470a31b744b2e,686.000,1764.000,-5096.000
2026-09-18T14:09:54,df6470a31b744b2e,392.000,1764.000,-4998.000
2026-09-18T14:09:55,df6470a31b744b2e,588.000,1960.000,-5096.000
2026-09-18T14:09:56,df6470a31b744b2e,588.000,1764.000,-5096.000
2026-09-18T14:09:57,df6470a31b744b2e,588.000,1764.000,-5096.000
2026-09-18T14:09:58,df6470a31b744b2e,588.000,1764.000,-5292.000
2026-09-18T14:09:59,df6470a31b744b2e,686.000,1764.000,-5292.000
2026-09-18T14:10:00,df6470a31b744b2e,686.000,1666.000,-5096.000
2026-09-18T14:10:01,df6470a31b744b2e,686.000,1568.000,-5096.000
2026-09-18T14:10:02,df6470a31b744b2e,588.000,1764.000,-5194.000
2026-09-18T14:10:03,df6470a31b744b2e,686.000,1568.000,-5096.000
2026-09-18T14:10:04,df6470a31b744b2e,686.000,1764.000,-5096.000
2026-09-18T14:10:05,df6470a31b744b2e,490.000,1666.000,-4998.000
2026-09-18T14:10:06,df6470a31b744b2e,490.000,1764.000,-4998.000
2026-09-18T14:10:07,df6470a31b744b2e,686.000,1666.000,-5292.000
2026-09-18T14:10:08,df6470a31b744b2e,686.000,1666.000,-4998.000
2026-09-18T14:10:09,df6470a31b744b2e,686.000,1666.000,-5096.000
2026-09-18T14:10:10,df6470a31b744b2e,784.000,1666.000,-5292.000
2026-09-18T14:10:11,df6470a31b744b2e,588.000,1666.000,-5194.000
2026-09-18T14:10:12,df6470a31b744b2e,490.000,1568.000,-4998.000
2026-09-18T14:10:13,df6470a31b744b2e,588.000,1666.000,-4900.000
2026-09-18T14:10:14,df6470a31b744b2e,686.000,1764.000,-5096.000
2026-09-18T14:10:15,df6470a31b744b2e,686.000,1764.000,-4998.000
2026-09-18T14:10:16,df6470a31b744b2e,686.000,1862.000,-5194.000
2026-09-18T14:10:17,df6470a31b744b2e,686.000,1568.000,-4998.000
2026-09-18T14:10:18,df6470a31b744b2e,588.000,1862.000,-5194.000
2026-09-18T14:10:19,df6470a31b744b2e,686.000,1862.000,-4900.000
2026-09-18T14:10:20,df6470a31b744b2e,686.000,1568.000,-4998.000
2026-09-18T14:10:21,df6470a31b744b2e,588.000,1862.000,-5096.000
2026-09-18T14:10:22,df6470a31b744b2e,882.000,1862.000,-4998.000
2026-09-18T14:10:23,df6470a31b744b2e,588.000,1470.000,-5292.000
2026-09-18T14:10:24,df6470a31b744b2e,686.000,1764.000,-5292.000
2026-09-18T14:10:25,df6470a31b744b2e,588.000,1666.000,-5194.000
2026-09-18T14:10:26,df6470a31b744b2e,686.000,1666.000,-5292.000
2026-09-18T14:10:27,df6470a31b744b2e,490.000,1764.000,-5194.000
2026-09-18T14:10:28,df6470a31b744b2e,686.000,1666.000,-5292.000
2026-09-18T14:10:29,df6470a31b744b2e,882.000,1568.000,-4998.000
2026-09-18T14:10:30,df6470a31b744b2e,588.000,1862.000,-5292.000
2026-09-18T14:10:31,df6470a31b744b2e,588.000,1862.000,-5096.000
2026-09-18T14:10:32,df6470a31b744b2e,686.000,1666.000,-5194.000
2026-09-18T14:10:33,df6470a31b744b2e,588.000,1862.000,-4998.000
2026-09-18T14:10:34,df6470a31b744b2e,490.000,1666.000,-5194.000
2026-09-18T14:10:35,df6470a31b744b2e,686.000,1764.000,-5096.000
2026-09-18T14:11:13,df6470a31b744b2e,784.000,1274.000,-4410.000
2026-09-18T14:11:14,df6470a31b744b2e,490.000,1372.000,-4410.000
2026-09-18T14:11:15,df6470a31b744b2e,588.000,1372.000,-4508.000
2026-09-18T14:11:16,df6470a31b744b2e,588.000,1176.000,-4410.000
2026-09-18T14:11:17,df6470a31b744b2e,490.000,1176.000,-4410.000
2026-09-18T14:11:18,df6470a31b744b2e,588.000,1274.000,-4312.000
2026-09-18T14:11:19,df6470a31b744b2e,588.000,1372.000,-4508.000
2026-09-18T14:11:20,df6470a31b744b2e,490.000,1274.000,-4704.000
2026-09-18T14:11:21,df6470a31b744b2e,784.000,1372.000,-4410.000
2026-09-18T14:11:22,df6470a31b744b2e,588.000,1274.000,-4410.000
2026-09-18T14:11:23,df6470a31b744b2e,686.000,1274.000,-4508.000
2026-09-18T14:11:24,df6470a31b744b2e,490.000,1372.000,-4410.000
2026-09-18T14:11:25,df6470a31b744b2e,294.000,1274.000,-4312.000
2026-09-18T14:11:26,df6470a31b744b2e,490.000,1274.000,-4312.000
2026-09-18T14:11:27,df6470a31b744b2e,588.000,1274.000,-4508.000
2026-09-18T14:11:28,df6470a31b744b2e,588.000,1372.000,-4410.000
2026-09-18T14:11:29,df6470a31b744b2e,588.000,1372.000,-4606.000
2026-09-18T14:11:30,df6470a31b744b2e,490.000,1666.000,-4606.000
2026-09-18T14:11:31,df6470a31b744b2e,490.000,1176.000,-4312.000
2026-09-18T14:11:32,df6470a31b744b2e,588.000,1274.000,-4606.000
2026-09-18T14:11:33,df6470a31b744b2e,490.000,1372.000,-4508.000
2026-09-18T14:11:34,df6470a31b744b2e,588.000,1372.000,-4312.000
2026-09-18T14:11:35,df6470a31b744b2e,490.000,1372.000,-4312.000
2026-09-18T14:11:36,df6470a31b744b2e,490.000,1372.000,-4312.000
2026-09-18T14:11:37,df6470a31b744b2e,588.000,1372.000,-4410.000
2026-09-18T14:11:38,df6470a31b744b2e,490.000,1372.000,-4606.000
2026-09-18T14:11:39,df6470a31b744b2e,686.000,1176.000,-4410.000
2026-09-18T14:11:40,df6470a31b744b2e,588.000,1176.000,-4508.000
2026-09-18T14:11:41,df6470a31b744b2e,490.000,1470.000,-4312.000
2026-09-18T14:11:42,df6470a31b744b2e,588.000,1470.000,-4312.000
2026-09-18T14:11:43,df6470a31b744b2e,588.000,1372.000,-4410.000
2026-09-18T14:11:44,df6470a31b744b2e,490.000,1372.000,-4410.000
2026-09-18T14:11:45,df6470a31b744b2e,784.000,1372.000,-4606.000
2026-09-18T14:11:46,df6470a31b744b2e,490.000,1372.000,-4312.000
2026-09-18T14:11:47,df6470a31b744b2e,784.000,1372.000,-4312.000
2026-09-18T14:11:48,df6470a31b744b2e,784.000,1568.000,-4410.000
2026-09-18T14:11:49,df6470a31b744b2e,588.000,1372.000,-4410.000
2026-09-18T14:11:50,df6470a31b744b2e,490.000,1372.000,-4508.000
2026-09-18T14:11:51,df6470a31b744b2e,686.000,1176.000,-4606.000
2026-09-18T14:11:52,df6470a31b744b2e,490.000,1372.000,-4606.000
2026-09-18T14:11:53,df6470a31b744b2e,686.000,1470.000,-4508.000
2026-09-18T14:11:54,df6470a31b744b2e,588.000,1372.000,-4410.000
2026-09-18T14:11:55,df6470a31b744b2e,392.000,1372.000,-4410.000
2026-09-18T14:11:56,df6470a31b744b2e,588.000,1470.000,-4508.000
2026-09-18T14:11:57,df6470a31b744b2e,490.000,1372.000,-4410.000
2026-09-18T14:11:58,df6470a31b744b2e,588.000,1372.000,-4410.000
2026-09-18T14:11:59,df6470a31b744b2e,294.000,1176.000,-4508.000
2026-09-18T14:12:00,df6470a31b744b2e,490.000,1372.000,-4606.000
2026-09-18T14:12:01,df6470a31b744b2e,490.000,1372.000,-4410.000
2026-09-18T14:12:02,df6470a31b744b2e,588.000,1470.000,-4606.000
2026-09-18T14:12:03,df6470a31b744b2e,490.000,1372.000,-4312.000
2026-09-18T14:12:04,df6470a31b744b2e,588.000,1274.000,-4508.000
2026-09-18T14:12:05,df6470a31b744b2e,588.000,1372.000,-4508.000
2026-09-18T14:12:06,df6470a31b744b2e,588.000,1372.000,-4410.000
2026-09-18T14:12:07,df6470a31b744b2e,490.000,1274.000,-4508.000
2026-09-18T14:12:08,df6470a31b744b2e,588.000,1274.000,-4410.000
2026-09-18T14:12:09,df6470a31b744b2e,392.000,1568.000,-4606.000
2026-09-18T14:12:10,df6470a31b744b2e,490.000,1274.000,-4410.000
2026-09-18T14:12:11,df6470a31b744b2e,588.000,1470.000,-4508.000
2026-09-18T14:12:12,df6470a31b744b2e,490.000,1274.000,-4410.000
2026-09-18T14:12:13,df6470a31b744b2e,588.000,1372.000,-4410.000
2026-09-18T14:13:03,df6470a31b744b2e,588.000,882.000,-3822.000
2026-09-18T14:13:04,df6470a31b744b2e,588.000,1078.000,-4018.000
2026-09-18T14:13:05,df6470a31b744b2e,490.000,1078.000,-3822.000
2026-09-18T14:13:06,df6470a31b744b2e,392.000,1078.000,-3822.000
2026-09-18T14:13:07,df6470a31b744b2e,588.000,1176.000,-3822.000
2026-09-18T14:13:08,df6470a31b744b2e,294.000,1078.000,-3920.000
2026-09-18T14:13:09,df6470a31b744b2e,588.000,1078.000,-4018.000
2026-09-18T14:13:10,df6470a31b744b2e,686.000,980.000,-3724.000
2026-09-18T14:13:11,df6470a31b744b2e,392.000,1078.000,-4018.000
2026-09-18T14:13:12,df6470a31b744b2e,490.000,980.000,-4018.000
2026-09-18T14:13:13,df6470a31b744b2e,490.000,1176.000,-3528.000
2026-09-18T14:13:14,df6470a31b744b2e,490.000,980.000,-4018.000
2026-09-18T14:13:15,df6470a31b744b2e,490.000,1078.000,-3920.000
2026-09-18T14:13:16,df6470a31b744b2e,686.000,980.000,-3822.000
2026-09-18T14:13:17,df6470a31b744b2e,686.000,980.000,-3822.000
2026-09-18T14:13:18,df6470a31b744b2e,490.000,1078.000,-3822.000
2026-09-18T14:13:19,df6470a31b744b2e,490.000,980.000,-3822.000
2026-09-18T14:13:20,df6470a31b744b2e,392.000,1078.000,-3626.000
2026-09-18T14:13:21,df6470a31b744b2e,490.000,1078.000,-3822.000
2026-09-18T14:13:22,df6470a31b744b2e,490.000,980.000,-3822.000
2026-09-18T14:13:23,df6470a31b744b2e,588.000,882.000,-3822.000
2026-09-18T14:13:24,df6470a31b744b2e,490.000,980.000,-3822.000
2026-09-18T14:13:25,df6470a31b744b2e,588.000,1078.000,-3822.000
2026-09-18T14:13:26,df6470a31b744b2e,588.000,1078.000,-4116.000
2026-09-18T14:13:27,df6470a31b744b2e,392.000,980.000,-3822.000
2026-09-18T14:13:28,df6470a31b744b2e,588.000,1176.000,-3920.000
2026-09-18T14:13:29,df6470a31b744b2e,490.000,882.000,-3822.000
2026-09-18T14:13:30,df6470a31b744b2e,490.000,980.000,-3724.000
2026-09-18T14:13:31,df6470a31b744b2e,294.000,1078.000,-3920.000
2026-09-18T14:13:32,df6470a31b744b2e,490.000,882.000,-4018.000
2026-09-18T14:13:33,df6470a31b744b2e,392.000,980.000,-3822.000
2026-09-18T14:13:34,df6470a31b744b2e,588.000,1176.000,-3822.000
2026-09-18T14:13:35,df6470a31b744b2e,490.000,882.000,-3626.000
2026-09-18T14:13:36,df6470a31b744b2e,392.000,1078.000,-3822.000
2026-09-18T14:13:37,df6470a31b744b2e,490.000,1176.000,-4018.000
2026-09-18T14:13:38,df6470a31b744b2e,490.000,980.000,-3920.000
2026-09-18T14:13:39,df6470a31b744b2e,686.000,1274.000,-4018.000
2026-09-18T14:13:40,df6470a31b744b2e,490.000,980.000,-3920.000
2026-09-18T14:13:41,df6470a31b744b2e,490.000,1078.000,-4018.000
2026-09-18T14:13:42,df6470a31b744b2e,490.000,1078.000,-4018.000
2026-09-18T14:13:43,df6470a31b744b2e,490.000,784.000,-3920.000
2026-09-18T14:13:44,df6470a31b744b2e,392.000,1078.000,-3724.000
2026-09-18T14:13:45,df6470a31b744b2e,588.000,980.000,-4018.000
2026-09-18T14:13:46,df6470a31b744b2e,784.000,1078.000,-4116.000
2026-09-18T14:13:47,df6470a31b744b2e,490.000,1176.000,-3920.000
2026-09-18T14:13:48,df6470a31b744b2e,392.000,1274.000,-3822.000
2026-09-18T14:13:49,df6470a31b744b2e,490.000,1176.000,-3920.000
2026-09-18T14:13:50,df6470a31b744b2e,392.000,1078.000,-4116.000
2026-09-18T14:13:51,df6470a31b744b2e,588.000,1078.000,-3822.000
2026-09-18T14:13:52,df6470a31b744b2e,490.000,980.000,-3920.000
2026-09-18T14:13:53,df6470a31b744b2e,392.000,1078.000,-3822.000
2026-09-18T14:13:54,df6470a31b744b2e,490.000,980.000,-4018.000
2026-09-18T14:13:55,df6470a31b744b2e,490.000,1176.000,-3822.000
2026-09-18T14:13:56,df6470a31b744b2e,686.000,1176.000,-3822.000
2026-09-18T14:13:57,df6470a31b744b2e,490.000,1078.000,-3822.000
2026-09-18T14:13:58,df6470a31b744b2e,392.000,980.000,-3822.000
2026-09-18T14:13:59,df6470a31b744b2e,490.000,1078.000,-4116.000
2026-09-18T14:14:00,df6470a31b744b2e,392.000,882.000,-3920.000
2026-09-18T14:14:01,df6470a31b744b2e,588.000,980.000,-3920.000
2026-09-18T14:14:02,df6470a31b744b2e,392.000,1176.000,-3822.000
2026-09-18T14:14:03,df6470a31b744b2e,392.000,1078.000,-4018.000
2026-09-18T14:14:29,df6470a31b744b2e,490.000,882.000,-3430.000
2026-09-18T14:14:30,df6470a31b744b2e,686.000,784.000,-3528.000
2026-09-18T14:14:31,df6470a31b744b2e,490.000,686.000,-3332.000
2026-09-18T14:14:32,df6470a31b744b2e,490.000,588.000,-3332.000
2026-09-18T14:14:33,df6470a31b744b2e,490.000,882.000,-3528.000
2026-09-18T14:14:34,df6470a31b744b2e,490.000,784.000,-3528.000
2026-09-18T14:14:35,df6470a31b744b2e,588.000,686.000,-3332.000
2026-09-18T14:14:36,df6470a31b744b2e,490.000,882.000,-3430.000
2026-09-18T14:14:37,df6470a31b744b2e,392.000,980.000,-3430.000
2026-09-18T14:14:38,df6470a31b744b2e,392.000,784.000,-3430.000
2026-09-18T14:14:39,df6470a31b744b2e,392.000,980.000,-3430.000
2026-09-18T14:14:40,df6470a31b744b2e,490.000,882.000,-3430.000
2026-09-18T14:14:41,df6470a31b744b2e,294.000,784.000,-3528.000
2026-09-18T14:14:42,df6470a31b744b2e,392.000,784.000,-3332.000
2026-09-18T14:14:43,df6470a31b744b2e,294.000,882.000,-3234.000
2026-09-18T14:14:44,df6470a31b744b2e,490.000,686.000,-3430.000
2026-09-18T14:14:45,df6470a31b744b2e,490.000,882.000,-3234.000
2026-09-18T14:14:46,df6470a31b744b2e,392.000,784.000,-3430.000
2026-09-18T14:14:47,df6470a31b744b2e,490.000,980.000,-3430.000
2026-09-18T14:14:48,df6470a31b744b2e,686.000,784.000,-3332.000
2026-09-18T14:14:49,df6470a31b744b2e,686.000,980.000,-3430.000
2026-09-18T14:14:50,df6470a31b744b2e,392.000,882.000,-3332.000
2026-09-18T14:14:51,df6470a31b744b2e,588.000,882.000,-3528.000
2026-09-18T14:14:52,df6470a31b744b2e,490.000,588.000,-3234.000
2026-09-18T14:14:53,df6470a31b744b2e,490.000,882.000,-3528.000
2026-09-18T14:14:54,df6470a31b744b2e,392.000,882.000,-3430.000
2026-09-18T14:14:55,df6470a31b744b2e,392.000,686.000,-3332.000
2026-09-18T14:14:56,df6470a31b744b2e,392.000,980.000,-3430.000
2026-09-18T14:14:57,df6470a31b744b2e,392.000,784.000,-3528.000
2026-09-18T14:14:58,df6470a31b744b2e,490.000,784.000,-3430.000
2026-09-18T14:14:59,df6470a31b744b2e,490.000,980.000,-3528.000
2026-09-18T14:15:00,df6470a31b744b2e,490.000,784.000,-3332.000
2026-09-18T14:15:01,df6470a31b744b2e,294.000,980.000,-3332.000
2026-09-18T14:15:02,df6470a31b744b2e,294.000,980.000,-3528.000
2026-09-18T14:15:03,df6470a31b744b2e,294.000,784.000,-3528.000
2026-09-18T14:15:04,df6470a31b744b2e,392.000,784.000,-3626.000
2026-09-18T14:15:05,df6470a31b744b2e,294.000,882.000,-3332.000
2026-09-18T14:15:06,df6470a31b744b2e,490.000,686.000,-3626.000
2026-09-18T14:15:07,df6470a31b744b2e,392.000,882.000,-3332.000
2026-09-18T14:15:08,df6470a31b744b2e,588.000,882.000,-3528.000
2026-09-18T14:15:09,df6470a31b744b2e,294.000,784.000,-3430.000
2026-09-18T14:15:10,df6470a31b744b2e,294.000,980.000,-3332.000
2026-09-18T14:15:11,df6470a31b744b2e,490.000,784.000,-3626.000
2026-09-18T14:15:12,df6470a31b744b2e,686.000,980.000,-3430.000
2026-09-18T14:15:13,df6470a31b744b2e,392.000,784.000,-3528.000
2026-09-18T14:15:14,df6470a31b744b2e,490.000,784.000,-3626.000
2026-09-18T14:15:15,df6470a31b744b2e,490.000,686.000,-3332.000
2026-09-18T14:15:16,df6470a31b744b2e,490.000,686.000,-3528.000
2026-09-18T14:15:17,df6470a31b744b2e,588.000,686.000,-3332.000
2026-09-18T14:15:18,df6470a31b744b2e,294.000,882.000,-3332.000
2026-09-18T14:15:19,df6470a31b744b2e,392.000,784.000,-3332.000
2026-09-18T14:15:20,df6470a31b744b2e,294.000,980.000,-3626.000
2026-09-18T14:15:21,df6470a31b744b2e,490.000,784.000,-3528.000
2026-09-18T14:15:22,df6470a31b744b2e,392.000,882.000,-3332.000
2026-09-18T14:15:23,df6470a31b744b2e,490.000,784.000,-3430.000
2026-09-18T14:15:24,df6470a31b744b2e,490.000,980.000,-3332.000
2026-09-18T14:15:25,df6470a31b744b2e,490.000,882.000,-3430.000
2026-09-18T14:15:26,df6470a31b744b2e,294.000,980.000,-3234.000
2026-09-18T14:15:27,df6470a31b744b2e,490.000,980.000,-3430.000
2026-09-18T14:15:28,df6470a31b744b2e,294.000,980.000,-3430.000
2026-09-18T14:15:29,df6470a31b744b2e,392.000,784.000,-3234.000
2026-09-18T14:16:03,df6470a31b744b2e,392.000,588.000,-2940.000
2026-09-18T14:16:04,df6470a31b744b2e,294.000,686.000,-3038.000
2026-09-18T14:16:05,df6470a31b744b2e,490.000,588.000,-3038.000
2026-09-18T14:16:06,df6470a31b744b2e,294.000,784.000,-2940.000
2026-09-18T14:16:07,df6470a31b744b2e,392.000,588.000,-2940.000
2026-09-18T14:16:08,df6470a31b744b2e,392.000,588.000,-2744.000
2026-09-18T14:16:09,df6470a31b744b2e,294.000,686.000,-2940.000
2026-09-18T14:16:10,df6470a31b744b2e,196.000,784.000,-2940.000
2026-09-18T14:16:11,df6470a31b744b2e,196.000,588.000,-2940.000
2026-09-18T14:16:12,df6470a31b744b2e,392.000,588.000,-3038.000
2026-09-18T14:16:13,df6470a31b744b2e,392.000,686.000,-2940.000
2026-09-18T14:16:14,df6470a31b744b2e,294.000,588.000,-2940.000
2026-09-18T14:16:15,df6470a31b744b2e,294.000,686.000,-2940.000
2026-09-18T14:16:16,df6470a31b744b2e,294.000,686.000,-2940.000
2026-09-18T14:16:17,df6470a31b744b2e,392.000,686.000,-2940.000
2026-09-18T14:16:18,df6470a31b744b2e,490.000,588.000,-2940.000
2026-09-18T14:16:19,df6470a31b744b2e,392.000,686.000,-2842.000
2026-09-18T14:16:20,df6470a31b744b2e,294.000,686.000,-3038.000
2026-09-18T14:16:21,df6470a31b744b2e,294.000,784.000,-3038.000
2026-09-18T14:16:22,df6470a31b744b2e,294.000,784.000,-3038.000
2026-09-18T14:16:23,df6470a31b744b2e,196.000,686.000,-2842.000
2026-09-18T14:16:24,df6470a31b744b2e,294.000,588.000,-2940.000
2026-09-18T14:16:25,df6470a31b744b2e,98.000,686.000,-3136.000
2026-09-18T14:16:26,df6470a31b744b2e,392.000,784.000,-3038.000
2026-09-18T14:16:27,df6470a31b744b2e,392.000,784.000,-3234.000
2026-09-18T14:16:28,df6470a31b744b2e,392.000,784.000,-2842.000
2026-09-18T14:16:29,df6470a31b744b2e,392.000,588.000,-2940.000
2026-09-18T14:16:30,df6470a31b744b2e,196.000,686.000,-3038.000
2026-09-18T14:16:31,df6470a31b744b2e,392.000,588.000,-3038.000
2026-09-18T14:16:32,df6470a31b744b2e,392.000,686.000,-3038.000
2026-09-18T14:16:33,df6470a31b744b2e,392.000,686.000,-3038.000
2026-09-18T14:16:34,df6470a31b744b2e,294.000,784.000,-3136.000
2026-09-18T14:16:35,df6470a31b744b2e,294.000,686.000,-3136.000
2026-09-18T14:16:36,df6470a31b744b2e,294.000,686.000,-3136.000
2026-09-18T14:16:37,df6470a31b744b2e,294.000,686.000,-3136.000
2026-09-18T14:16:38,df6470a31b744b2e,392.000,686.000,-3038.000
2026-09-18T14:16:39,df6470a31b744b2e,294.000,686.000,-3038.000
2026-09-18T14:16:40,df6470a31b744b2e,196.000,686.000,-3038.000
2026-09-18T14:16:41,df6470a31b744b2e,294.000,882.000,-2940.000
2026-09-18T14:16:42,df6470a31b744b2e,392.000,686.000,-3038.000
2026-09-18T14:16:43,df6470a31b744b2e,392.000,882.000,-3038.000
2026-09-18T14:16:44,df6470a31b744b2e,392.000,686.000,-3234.000
2026-09-18T14:16:45,df6470a31b744b2e,490.000,588.000,-2940.000
2026-09-18T14:16:46,df6470a31b744b2e,490.000,588.000,-2842.000
2026-09-18T14:16:47,df6470a31b744b2e,294.000,588.000,-2842.000
2026-09-18T14:16:48,df6470a31b744b2e,490.000,686.000,-2842.000
2026-09-18T14:16:49,df6470a31b744b2e,490.000,588.000,-3038.000
2026-09-18T14:16:50,df6470a31b744b2e,392.000,686.000,-3038.000
2026-09-18T14:16:51,df6470a31b744b2e,392.000,588.000,-3038.000
2026-09-18T14:16:52,df6470a31b744b2e,294.000,784.000,-3136.000
2026-09-18T14:16:53,df6470a31b744b2e,490.000,686.000,-3234.000
2026-09-18T14:16:54,df6470a31b744b2e,294.000,686.000,-3038.000
2026-09-18T14:16:55,df6470a31b744b2e,294.000,686.000,-3038.000
2026-09-18T14:16:56,df6470a31b744b2e,196.000,686.000,-3136.000
2026-09-18T14:16:57,df6470a31b744b2e,196.000,784.000,-2940.000
2026-09-18T14:16:58,df6470a31b744b2e,392.000,686.000,-3136.000
2026-09-18T14:16:59,df6470a31b744b2e,294.000,588.000,-3038.000
2026-09-18T14:17:00,df6470a31b744b2e,294.000,686.000,-2842.000
2026-09-18T14:17:01,df6470a31b744b2e,392.000,784.000,-2940.000
2026-09-18T14:17:02,df6470a31b744b2e,294.000,686.000,-2940.000
2026-09-18T14:17:03,df6470a31b744b2e,294.000,686.000,-3038.000
2026-09-18T14:17:28,df6470a31b744b2e,294.000,392.000,-2744.000
2026-09-18T14:17:29,df6470a31b744b2e,98.000,588.000,-2450.000
2026-09-18T14:17:30,df6470a31b744b2e,294.000,686.000,-2646.000
2026-09-18T14:17:31,df6470a31b744b2e,294.000,686.000,-2744.000
2026-09-18T14:17:32,df6470a31b744b2e,392.000,490.000,-2548.000
2026-09-18T14:17:33,df6470a31b744b2e,392.000,490.000,-2548.000
2026-09-18T14:17:34,df6470a31b744b2e,294.000,392.000,-2842.000
2026-09-18T14:17:35,df6470a31b744b2e,294.000,686.000,-2646.000
2026-09-18T14:17:36,df6470a31b744b2e,196.000,490.000,-2744.000
2026-09-18T14:17:37,df6470a31b744b2e,490.000,588.000,-2744.000
2026-09-18T14:17:38,df6470a31b744b2e,196.000,490.000,-2646.000
2026-09-18T14:17:39,df6470a31b744b2e,196.000,392.000,-2548.000
2026-09-18T14:17:40,df6470a31b744b2e,392.000,588.000,-2646.000
2026-09-18T14:17:41,df6470a31b744b2e,392.000,588.000,-2548.000
2026-09-18T14:17:42,df6470a31b744b2e,196.000,392.000,-2646.000
2026-09-18T14:17:43,df6470a31b744b2e,196.000,686.000,-2744.000
2026-09-18T14:17:44,df6470a31b744b2e,294.000,490.000,-2744.000
2026-09-18T14:17:45,df6470a31b744b2e,196.000,490.000,-2548.000
2026-09-18T14:17:46,df6470a31b744b2e,392.000,588.000,-2646.000
2026-09-18T14:17:47,df6470a31b744b2e,392.000,686.000,-2646.000
2026-09-18T14:17:48,df6470a31b744b2e,294.000,588.000,-2646.000
2026-09-18T14:17:49,df6470a31b744b2e,196.000,490.000,-2646.000
2026-09-18T14:17:50,df6470a31b744b2e,196.000,490.000,-2646.000
2026-09-18T14:17:51,df6470a31b744b2e,490.000,686.000,-2548.000
2026-09-18T14:17:52,df6470a31b744b2e,392.000,392.000,-2744.000
2026-09-18T14:17:53,df6470a31b744b2e,294.000,686.000,-2842.000
2026-09-18T14:17:54,df6470a31b744b2e,294.000,490.000,-2646.000
2026-09-18T14:17:55,df6470a31b744b2e,490.000,588.000,-2548.000
2026-09-18T14:17:56,df6470a31b744b2e,392.000,294.000,-2646.000
2026-09-18T14:17:57,df6470a31b744b2e,490.000,392.000,-2646.000
2026-09-18T14:17:58,df6470a31b744b2e,490.000,490.000,-2646.000
2026-09-18T14:17:59,df6470a31b744b2e,294.000,686.000,-2548.000
2026-09-18T14:18:00,df6470a31b744b2e,294.000,490.000,-2450.000
2026-09-18T14:18:01,df6470a31b744b2e,392.000,588.000,-2548.000
2026-09-18T14:18:02,df6470a31b744b2e,294.000,490.000,-2744.000
2026-09-18T14:18:03,df6470a31b744b2e,294.000,686.000,-2646.000
2026-09-18T14:18:04,df6470a31b744b2e,392.000,490.000,-2744.000
2026-09-18T14:18:05,df6470a31b744b2e,392.000,490.000,-2646.000
2026-09-18T14:18:06,df6470a31b744b2e,294.000,490.000,-2744.000
2026-09-18T14:18:07,df6470a31b744b2e,196.000,686.000,-2744.000
2026-09-18T14:18:08,df6470a31b744b2e,588.000,686.000,-2646.000
2026-09-18T14:18:09,df6470a31b744b2e,294.000,686.000,-2744.000
2026-09-18T14:18:10,df6470a31b744b2e,196.000,686.000,-2450.000
2026-09-18T14:18:11,df6470a31b744b2e,392.000,588.000,-2744.000
2026-09-18T14:18:12,df6470a31b744b2e,392.000,490.000,-2548.000
2026-09-18T14:18:13,df6470a31b744b2e,196.000,686.000,-2744.000
2026-09-18T14:18:14,df6470a31b744b2e,294.000,490.000,-2548.000
2026-09-18T14:18:15,df6470a31b744b2e,294.000,490.000,-2548.000
2026-09-18T14:18:16,df6470a31b744b2e,392.000,588.000,-2646.000
2026-09-18T14:18:17,df6470a31b744b2e,294.000,490.000,-2548.000
2026-09-18T14:18:18,df6470a31b744b2e,294.000,490.000,-2744.000
2026-09-18T14:18:19,df6470a31b744b2e,392.000,294.000,-2940.000
2026-09-18T14:18:20,df6470a31b744b2e,392.000,490.000,-2744.000
2026-09-18T14:18:21,df6470a31b744b2e,196.000,784.000,-2646.000
2026-09-18T14:18:22,df6470a31b744b2e,98.000,588.000,-2548.000
2026-09-18T14:18:23,df6470a31b744b2e,196.000,588.000,-2548.000
2026-09-18T14:18:24,df6470a31b744b2e,392.000,392.000,-2548.000
2026-09-18T14:18:25,df6470a31b744b2e,392.000,490.000,-2744.000
2026-09-18T14:18:26,df6470a31b744b2e,490.000,784.000,-2352.000
2026-09-18T14:18:27,df6470a31b744b2e,392.000,588.000,-2548.000
2026-09-18T14:18:28,df6470a31b744b2e,196.000,294.000,-2548.000
2026-09-18T14:18:51,df6470a31b744b2e,196.000,490.000,-2548.000
2026-09-18T14:18:52,df6470a31b744b2e,196.000,490.000,-2548.000
2026-09-18T14:18:53,df6470a31b744b2e,392.000,392.000,-2254.000
2026-09-18T14:18:54,df6470a31b744b2e,392.000,686.000,-2450.000
2026-09-18T14:18:55,df6470a31b744b2e,294.000,490.000,-2548.000
2026-09-18T14:18:56,df6470a31b744b2e,392.000,392.000,-2352.000
2026-09-18T14:18:57,df6470a31b744b2e,392.000,490.000,-2548.000
2026-09-18T14:18:58,df6470a31b744b2e,294.000,392.000,-2352.000
2026-09-18T14:18:59,df6470a31b744b2e,294.000,294.000,-2254.000
2026-09-18T14:19:00,df6470a31b744b2e,294.000,588.000,-2548.000
2026-09-18T14:19:01,df6470a31b744b2e,196.000,490.000,-2352.000
2026-09-18T14:19:02,df6470a31b744b2e,98.000,392.000,-2254.000
2026-09-18T14:19:03,df6470a31b744b2e,294.000,392.000,-2450.000
2026-09-18T14:19:04,df6470a31b744b2e,196.000,588.000,-2254.000
2026-09-18T14:19:05,df6470a31b744b2e,196.000,392.000,-2450.000
2026-09-18T14:19:06,df6470a31b744b2e,392.000,294.000,-2352.000
2026-09-18T14:19:07,df6470a31b744b2e,294.000,588.000,-2352.000
2026-09-18T14:19:08,df6470a31b744b2e,98.000,392.000,-2450.000
2026-09-18T14:19:09,df6470a31b744b2e,196.000,490.000,-2156.000
2026-09-18T14:19:10,df6470a31b744b2e,392.000,588.000,-2254.000
2026-09-18T14:19:11,df6470a31b744b2e,294.000,490.000,-2254.000
2026-09-18T14:19:12,df6470a31b744b2e,196.000,490.000,-2254.000
2026-09-18T14:19:13,df6470a31b744b2e,98.000,294.000,-2352.000
2026-09-18T14:19:14,df6470a31b744b2e,196.000,490.000,-2646.000
2026-09-18T14:19:15,df6470a31b744b2e,294.000,392.000,-2352.000
2026-09-18T14:19:16,df6470a31b744b2e,196.000,392.000,-2352.000
2026-09-18T14:19:17,df6470a31b744b2e,196.000,490.000,-2352.000
2026-09-18T14:19:18,df6470a31b744b2e,294.000,490.000,-2352.000
2026-09-18T14:19:19,df6470a31b744b2e,196.000,490.000,-2352.000
2026-09-18T14:19:20,df6470a31b744b2e,196.000,490.000,-2352.000
2026-09-18T14:19:21,df6470a31b744b2e,294.000,392.000,-2352.000
2026-09-18T14:19:22,df6470a31b744b2e,196.000,392.000,-2450.000
2026-09-18T14:19:23,df6470a31b744b2e,294.000,392.000,-2156.000
2026-09-18T14:19:24,df6470a31b744b2e,196.000,392.000,-2352.000
2026-09-18T14:19:25,df6470a31b744b2e,294.000,588.000,-2450.000
2026-09-18T14:19:26,df6470a31b744b2e,392.000,392.000,-2156.000
2026-09-18T14:19:27,df6470a31b744b2e,294.000,588.000,-2254.000
2026-09-18T14:19:28,df6470a31b744b2e,392.000,490.000,-2450.000
2026-09-18T14:19:29,df6470a31b744b2e,196.000,686.000,-2156.000
2026-09-18T14:19:30,df6470a31b744b2e,196.000,490.000,-2352.000
2026-09-18T14:19:31,df6470a31b744b2e,294.000,588.000,-2450.000
2026-09-18T14:19:32,df6470a31b744b2e,392.000,490.000,-2254.000
2026-09-18T14:19:33,df6470a31b744b2e,98.000,588.000,-2352.000
2026-09-18T14:19:34,df6470a31b744b2e,392.000,490.000,-2450.000
2026-09-18T14:19:35,df6470a31b744b2e,294.000,392.000,-2450.000
2026-09-18T14:19:36,df6470a31b744b2e,294.000,392.000,-2352.000
2026-09-18T14:19:37,df6470a31b744b2e,294.000,490.000,-2450.000
2026-09-18T14:19:38,df6470a31b744b2e,196.000,490.000,-2450.000
2026-09-18T14:19:39,df6470a31b744b2e,294.000,490.000,-2548.000
2026-09-18T14:19:40,df6470a31b744b2e,294.000,490.000,-2450.000
2026-09-18T14:19:41,df6470a31b744b2e,196.000,490.000,-2450.000
2026-09-18T14:19:42,df6470a31b744b2e,196.000,392.000,-2450.000
2026-09-18T14:19:43,df6470a31b744b2e,294.000,686.000,-2450.000
2026-09-18T14:19:44,df6470a31b744b2e,98.000,490.000,-2450.000
2026-09-18T14:19:45,df6470a31b744b2e,196.000,392.000,-2254.000
2026-09-18T14:19:46,df6470a31b744b2e,196.000,490.000,-2352.000
2026-09-18T14:19:47,df6470a31b744b2e,196.000,588.000,-2450.000
2026-09-18T14:19:48,df6470a31b744b2e,294.000,490.000,-2352.000
2026-09-18T14:19:49,df6470a31b744b2e,98.000,392.000,-2352.000
2026-09-18T14:19:50,df6470a31b744b2e,294.000,490.000,-2450.000
2026-09-18T14:19:51,df6470a31b744b2e,196.000,392.000,-2254.000
2026-09-18T14:20:15,df6470a31b744b2e,196.000,490.000,-2156.000
2026-09-18T14:20:16,df6470a31b744b2e,294.000,294.000,-2058.000
2026-09-18T14:20:17,df6470a31b744b2e,196.000,294.000,-1960.000
2026-09-18T14:20:18,df6470a31b744b2e,392.000,196.000,-2254.000
2026-09-18T14:20:19,df6470a31b744b2e,196.000,294.000,-1960.000
2026-09-18T14:20:20,df6470a31b744b2e,490.000,392.000,-2156.000
2026-09-18T14:20:21,df6470a31b744b2e,0.000,588.000,-2058.000
2026-09-18T14:20:22,df6470a31b744b2e,196.000,294.000,-2156.000
2026-09-18T14:20:23,df6470a31b744b2e,294.000,196.000,-2156.000
2026-09-18T14:20:24,df6470a31b744b2e,196.000,490.000,-2450.000
2026-09-18T14:20:25,df6470a31b744b2e,196.000,490.000,-1960.000
2026-09-18T14:20:26,df6470a31b744b2e,294.000,392.000,-2058.000
2026-09-18T14:20:27,df6470a31b744b2e,196.000,294.000,-2156.000
2026-09-18T14:20:28,df6470a31b744b2e,294.000,392.000,-2254.000
2026-09-18T14:20:29,df6470a31b744b2e,196.000,294.000,-2156.000
2026-09-18T14:20:30,df6470a31b744b2e,98.000,294.000,-2156.000
2026-09-18T14:20:31,df6470a31b744b2e,392.000,490.000,-2156.000
2026-09-18T14:20:32,df6470a31b744b2e,196.000,490.000,-2254.000
2026-09-18T14:20:33,df6470a31b744b2e,98.000,490.000,-2254.000
2026-09-18T14:20:34,df6470a31b744b2e,392.000,392.000,-2058.000
2026-09-18T14:20:35,df6470a31b744b2e,98.000,392.000,-1960.000
2026-09-18T14:20:36,df6470a31b744b2e,392.000,392.000,-2156.000
2026-09-18T14:20:37,df6470a31b744b2e,294.000,294.000,-2058.000
2026-09-18T14:20:38,df6470a31b744b2e,392.000,294.000,-2156.000
2026-09-18T14:20:39,df6470a31b744b2e,98.000,196.000,-2254.000
2026-09-18T14:20:40,df6470a31b744b2e,490.000,588.000,-2156.000
2026-09-18T14:20:41,df6470a31b744b2e,196.000,392.000,-2058.000
2026-09-18T14:20:42,df6470a31b744b2e,294.000,392.000,-2352.000
2026-09-18T14:20:43,df6470a31b744b2e,196.000,588.000,-2156.000
2026-09-18T14:20:44,df6470a31b744b2e,294.000,490.000,-2058.000
2026-09-18T14:20:45,df6470a31b744b2e,196.000,490.000,-2254.000
2026-09-18T14:20:46,df6470a31b744b2e,294.000,490.000,-2254.000
2026-09-18T14:20:47,df6470a31b744b2e,294.000,392.000,-2058.000
2026-09-18T14:20:48,df6470a31b744b2e,392.000,196.000,-2058.000
2026-09-18T14:20:49,df6470a31b744b2e,196.000,294.000,-2254.000
2026-09-18T14:20:50,df6470a31b744b2e,294.000,490.000,-2156.000
2026-09-18T14:20:51,df6470a31b744b2e,98.000,490.000,-2156.000
2026-09-18T14:20:52,df6470a31b744b2e,196.000,490.000,-1960.000
2026-09-18T14:20:53,df6470a31b744b2e,294.000,392.000,-2156.000
2026-09-18T14:20:54,df6470a31b744b2e,196.000,392.000,-2156.000
2026-09-18T14:20:55,df6470a31b744b2e,196.000,490.000,-2254.000
2026-09-18T14:20:56,df6470a31b744b2e,294.000,490.000,-2058.000
2026-09-18T14:20:57,df6470a31b744b2e,196.000,392.000,-2156.000
2026-09-18T14:20:58,df6470a31b744b2e,98.000,294.000,-2352.000
2026-09-18T14:20:59,df6470a31b744b2e,196.000,490.000,-2058.000
2026-09-18T14:21:00,df6470a31b744b2e,294.000,392.000,-2058.000
2026-09-18T14:21:01,df6470a31b744b2e,196.000,392.000,-2352.000
2026-09-18T14:21:02,df6470a31b744b2e,294.000,490.000,-2254.000
2026-09-18T14:21:03,df6470a31b744b2e,196.000,294.000,-2058.000
2026-09-18T14:21:04,df6470a31b744b2e,196.000,392.000,-2058.000
2026-09-18T14:21:05,df6470a31b744b2e,392.000,294.000,-2156.000
2026-09-18T14:21:06,df6470a31b744b2e,392.000,294.000,-2156.000
2026-09-18T14:21:07,df6470a31b744b2e,294.000,392.000,-2254.000
2026-09-18T14:21:08,df6470a31b744b2e,196.000,392.000,-2156.000
2026-09-18T14:21:09,df6470a31b744b2e,98.000,196.000,-2254.000
2026-09-18T14:21:10,df6470a31b744b2e,98.000,490.000,-2156.000
2026-09-18T14:21:11,df6470a31b744b2e,196.000,294.000,-2254.000
2026-09-18T14:21:12,df6470a31b744b2e,294.000,392.000,-2058.000
2026-09-18T14:21:13,df6470a31b744b2e,392.000,392.000,-2156.000
2026-09-18T14:21:14,df6470a31b744b2e,98.000,490.000,-2058.000
2026-09-18T14:21:15,df6470a31b744b2e,196.000,392.000,-2156.000
2026-09-18T14:21:44,df6470a31b744b2e,196.000,392.000,-1862.000
2026-09-18T14:21:45,df6470a31b744b2e,0.000,294.000,-1960.000
2026-09-18T14:21:46,df6470a31b744b2e,196.000,294.000,-1764.000
2026-09-18T14:21:47,df6470a31b744b2e,294.000,392.000,-1666.000
2026-09-18T14:21:48,df6470a31b744b2e,196.000,294.000,-1960.000
2026-09-18T14:21:49,df6470a31b744b2e,392.000,392.000,-1960.000
2026-09-18T14:21:50,df6470a31b744b2e,392.000,392.000,-2058.000
2026-09-18T14:21:51,df6470a31b744b2e,98.000,294.000,-2058.000
2026-09-18T14:21:52,df6470a31b744b2e,392.000,392.000,-1960.000
2026-09-18T14:21:53,df6470a31b744b2e,98.000,294.000,-1862.000
2026-09-18T14:21:54,df6470a31b744b2e,294.000,392.000,-2058.000
2026-09-18T14:21:55,df6470a31b744b2e,196.000,294.000,-1862.000
2026-09-18T14:21:56,df6470a31b744b2e,196.000,392.000,-1862.000
2026-09-18T14:21:57,df6470a31b744b2e,294.000,294.000,-1862.000
2026-09-18T14:21:58,df6470a31b744b2e,196.000,294.000,-1764.000
2026-09-18T14:21:59,df6470a31b744b2e,294.000,294.000,-2058.000
2026-09-18T14:22:00,df6470a31b744b2e,196.000,392.000,-1862.000
2026-09-18T14:22:01,df6470a31b744b2e,196.000,490.000,-1862.000
2026-09-18T14:22:02,df6470a31b744b2e,196.000,294.000,-1862.000
2026-09-18T14:22:03,df6470a31b744b2e,98.000,294.000,-1960.000
2026-09-18T14:22:04,df6470a31b744b2e,98.000,490.000,-2058.000
2026-09-18T14:22:05,df6470a31b744b2e,294.000,392.000,-1960.000
2026-09-18T14:22:06,df6470a31b744b2e,294.000,196.000,-1960.000
2026-09-18T14:22:07,df6470a31b744b2e,294.000,294.000,-1960.000
2026-09-18T14:22:08,df6470a31b744b2e,196.000,392.000,-1862.000
2026-09-18T14:22:09,df6470a31b744b2e,196.000,294.000,-1764.000
2026-09-18T14:22:10,df6470a31b744b2e,196.000,294.000,-2058.000
2026-09-18T14:22:11,df6470a31b744b2e,196.000,294.000,-1862.000
2026-09-18T14:22:12,df6470a31b744b2e,294.000,392.000,-1862.000
2026-09-18T14:22:13,df6470a31b744b2e,392.000,196.000,-2254.000
2026-09-18T14:22:14,df6470a31b744b2e,392.000,392.000,-2156.000
2026-09-18T14:22:15,df6470a31b744b2e,196.000,392.000,-1960.000
2026-09-18T14:22:16,df6470a31b744b2e,98.000,392.000,-1960.000
2026-09-18T14:22:17,df6470a31b744b2e,392.000,294.000,-1862.000
2026-09-18T14:22:18,df6470a31b744b2e,196.000,196.000,-1960.000
2026-09-18T14:22:19,df6470a31b744b2e,294.000,392.000,-1960.000
2026-09-18T14:22:20,df6470a31b744b2e,196.000,392.000,-1960.000
2026-09-18T14:22:21,df6470a31b744b2e,294.000,294.000,-1764.000
2026-09-18T14:22:22,df6470a31b744b2e,392.000,392.000,-1960.000
2026-09-18T14:22:23,df6470a31b744b2e,196.000,490.000,-1862.000
2026-09-18T14:22:24,df6470a31b744b2e,196.000,490.000,-1862.000
2026-09-18T14:22:25,df6470a31b744b2e,392.000,392.000,-1960.000
2026-09-18T14:22:26,df6470a31b744b2e,0.000,196.000,-2058.000
2026-09-18T14:22:27,df6470a31b744b2e,98.000,196.000,-1862.000
2026-09-18T14:22:28,df6470a31b744b2e,392.000,294.000,-1862.000
2026-09-18T14:22:29,df6470a31b744b2e,98.000,196.000,-2058.000
2026-09-18T14:22:30,df6470a31b744b2e,392.000,98.000,-1960.000
2026-09-18T14:22:31,df6470a31b744b2e,196.000,392.000,-2156.000
2026-09-18T14:22:32,df6470a31b744b2e,196.000,392.000,-1960.000
2026-09-18T14:22:33,df6470a31b744b2e,392.000,392.000,-1960.000
2026-09-18T14:22:34,df6470a31b744b2e,294.000,294.000,-2156.000
2026-09-18T14:22:35,df6470a31b744b2e,294.000,196.000,-1960.000
2026-09-18T14:22:36,df6470a31b744b2e,392.000,294.000,-1862.000
2026-09-18T14:22:37,df6470a31b744b2e,196.000,196.000,-1862.000
2026-09-18T14:22:38,df6470a31b744b2e,196.000,294.000,-2156.000
2026-09-18T14:22:39,df6470a31b744b2e,196.000,392.000,-2058.000
2026-09-18T14:22:40,df6470a31b744b2e,294.000,294.000,-2058.000
2026-09-18T14:22:41,df6470a31b744b2e,294.000,294.000,-2058.000
2026-09-18T14:22:42,df6470a31b744b2e,196.000,490.000,-1862.000
2026-09-18T14:22:43,df6470a31b744b2e,294.000,196.000,-1862.000
2026-09-18T14:22:44,df6470a31b744b2e,294.000,392.000,-1862.000
2026-09-18T14:23:29,df6470a31b744b2e,196.000,392.000,-1764.000
2026-09-18T14:23:30,df6470a31b744b2e,196.000,490.000,-1568.000
2026-09-18T14:23:31,df6470a31b744b2e,294.000,294.000,-1666.000
2026-09-18T14:23:32,df6470a31b744b2e,196.000,196.000,-1960.000
2026-09-18T14:23:33,df6470a31b744b2e,294.000,392.000,-1764.000
2026-09-18T14:23:34,df6470a31b744b2e,196.000,490.000,-1666.000
2026-09-18T14:23:35,df6470a31b744b2e,294.000,294.000,-1666.000
2026-09-18T14:23:36,df6470a31b744b2e,196.000,196.000,-1666.000
2026-09-18T14:23:37,df6470a31b744b2e,294.000,98.000,-1862.000
2026-09-18T14:23:38,df6470a31b744b2e,98.000,196.000,-1666.000
2026-09-18T14:23:39,df6470a31b744b2e,196.000,392.000,-1862.000
2026-09-18T14:23:40,df6470a31b744b2e,294.000,196.000,-1764.000
2026-09-18T14:23:41,df6470a31b744b2e,196.000,196.000,-1764.000
2026-09-18T14:23:42,df6470a31b744b2e,196.000,294.000,-1764.000
2026-09-18T14:23:43,df6470a31b744b2e,98.000,294.000,-1960.000
2026-09-18T14:23:44,df6470a31b744b2e,196.000,294.000,-1666.000
2026-09-18T14:23:45,df6470a31b744b2e,196.000,392.000,-1666.000
2026-09-18T14:23:46,df6470a31b744b2e,196.000,392.000,-1764.000
2026-09-18T14:23:47,df6470a31b744b2e,98.000,490.000,-1666.000
2026-09-18T14:23:48,df6470a31b744b2e,196.000,294.000,-1764.000
2026-09-18T14:23:49,df6470a31b744b2e,294.000,392.000,-1666.000
2026-09-18T14:23:50,df6470a31b744b2e,98.000,392.000,-1764.000
2026-09-18T14:23:51,df6470a31b744b2e,294.000,294.000,-1862.000
2026-09-18T14:23:52,df6470a31b744b2e,98.000,196.000,-1862.000
2026-09-18T14:23:53,df6470a31b744b2e,98.000,98.000,-1666.000
2026-09-18T14:23:54,df6470a31b744b2e,98.000,392.000,-1764.000
2026-09-18T14:23:55,df6470a31b744b2e,392.000,196.000,-1764.000
2026-09-18T14:23:56,df6470a31b744b2e,196.000,294.000,-1764.000
2026-09-18T14:23:57,df6470a31b744b2e,98.000,196.000,-1862.000
2026-09-18T14:23:58,df6470a31b744b2e,196.000,98.000,-1666.000
2026-09-18T14:23:59,df6470a31b744b2e,294.000,294.000,-1764.000
2026-09-18T14:24:00,df6470a31b744b2e,98.000,490.000,-1666.000
2026-09-18T14:24:01,df6470a31b744b2e,294.000,392.000,-1764.000
2026-09-18T14:24:02,df6470a31b744b2e,98.000,294.000,-1862.000
2026-09-18T14:24:03,df6470a31b744b2e,98.000,196.000,-1764.000
2026-09-18T14:24:04,df6470a31b744b2e,196.000,196.000,-1764.000
2026-09-18T14:24:05,df6470a31b744b2e,196.000,294.000,-1764.000
2026-09-18T14:24:06,df6470a31b744b2e,294.000,294.000,-1960.000
2026-09-18T14:24:07,df6470a31b744b2e,196.000,196.000,-1764.000
2026-09-18T14:24:08,df6470a31b744b2e,196.000,392.000,-1764.000
2026-09-18T14:24:09,df6470a31b744b2e,0.000,392.000,-1666.000
2026-09-18T14:24:10,df6470a31b744b2e,294.000,196.000,-1764.000
2026-09-18T14:24:11,df6470a31b744b2e,98.000,196.000,-1764.000
2026-09-18T14:24:12,df6470a31b744b2e,294.000,294.000,-1862.000
2026-09-18T14:24:13,df6470a31b744b2e,98.000,392.000,-2058.000
2026-09-18T14:24:14,df6470a31b744b2e,294.000,490.000,-1568.000
2026-09-18T14:24:15,df6470a31b744b2e,196.000,294.000,-1666.000
2026-09-18T14:24:16,df6470a31b744b2e,98.000,392.000,-1862.000
2026-09-18T14:24:17,df6470a31b744b2e,294.000,294.000,-1862.000
2026-09-18T14:24:18,df6470a31b744b2e,98.000,196.000,-1862.000
2026-09-18T14:24:19,df6470a31b744b2e,98.000,294.000,-1666.000
2026-09-18T14:24:20,df6470a31b744b2e,294.000,294.000,-1764.000
2026-09-18T14:24:21,df6470a31b744b2e,392.000,294.000,-1764.000
2026-09-18T14:24:22,df6470a31b744b2e,294.000,392.000,-1960.000
2026-09-18T14:24:23,df6470a31b744b2e,392.000,196.000,-1764.000
2026-09-18T14:24:24,df6470a31b744b2e,196.000,196.000,-1862.000
2026-09-18T14:24:25,df6470a31b744b2e,196.000,392.000,-1764.000
2026-09-18T14:24:26,df6470a31b744b2e,294.000,196.000,-1764.000
2026-09-18T14:24:27,df6470a31b744b2e,196.000,196.000,-1666.000
2026-09-18T14:24:28,df6470a31b744b2e,196.000,392.000,-1862.000
2026-09-18T14:24:29,df6470a31b744b2e,98.000,294.000,-1764.000
2026-09-18T14:24:56,df6470a31b744b2e,98.000,196.000,-1666.000
2026-09-18T14:24:57,df6470a31b744b2e,196.000,392.000,-1862.000
2026-09-18T14:24:58,df6470a31b744b2e,294.000,196.000,-1470.000
2026-09-18T14:24:59,df6470a31b744b2e,98.000,294.000,-1666.000
2026-09-18T14:25:00,df6470a31b744b2e,98.000,392.000,-1764.000
2026-09-18T14:25:01,df6470a31b744b2e,0.000,196.000,-1666.000
2026-09-18T14:25:02,df6470a31b744b2e,196.000,196.000,-1666.000
2026-09-18T14:25:03,df6470a31b744b2e,98.000,196.000,-1764.000
2026-09-18T14:25:04,df6470a31b744b2e,392.000,294.000,-1568.000
2026-09-18T14:25:05,df6470a31b744b2e,294.000,294.000,-1372.000
2026-09-18T14:25:06,df6470a31b744b2e,392.000,98.000,-1764.000
2026-09-18T14:25:07,df6470a31b744b2e,196.000,196.000,-1666.000
2026-09-18T14:25:08,df6470a31b744b2e,294.000,294.000,-1666.000
2026-09-18T14:25:09,df6470a31b744b2e,196.000,196.000,-1666.000
2026-09-18T14:25:10,df6470a31b744b2e,196.000,294.000,-1372.000
2026-09-18T14:25:11,df6470a31b744b2e,98.000,196.000,-1666.000
2026-09-18T14:25:12,df6470a31b744b2e,196.000,98.000,-1568.000
2026-09-18T14:25:13,df6470a31b744b2e,294.000,294.000,-1764.000
2026-09-18T14:25:14,df6470a31b744b2e,98.000,196.000,-1666.000
2026-09-18T14:25:15,df6470a31b744b2e,196.000,196.000,-1666.000
2026-09-18T14:25:16,df6470a31b744b2e,196.000,196.000,-1372.000
2026-09-18T14:25:17,df6470a31b744b2e,294.000,0.000,-1764.000
2026-09-18T14:25:18,df6470a31b744b2e,98.000,294.000,-1666.000
2026-09-18T14:25:19,df6470a31b744b2e,294.000,294.000,-1764.000
2026-09-18T14:25:20,df6470a31b744b2e,0.000,98.000,-1470.000
2026-09-18T14:25:21,df6470a31b744b2e,98.000,392.000,-1568.000
2026-09-18T14:25:22,df6470a31b744b2e,196.000,294.000,-1568.000
2026-09-18T14:25:23,df6470a31b744b2e,294.000,294.000,-1764.000
2026-09-18T14:25:24,df6470a31b744b2e,98.000,98.000,-1568.000
2026-09-18T14:25:25,df6470a31b744b2e,294.000,98.000,-1666.000
2026-09-18T14:25:26,df6470a31b744b2e,294.000,98.000,-1764.000
2026-09-18T14:25:27,df6470a31b744b2e,196.000,294.000,-1862.000
2026-09-18T14:25:28,df6470a31b744b2e,196.000,196.000,-1666.000
2026-09-18T14:25:29,df6470a31b744b2e,294.000,98.000,-1666.000
2026-09-18T14:25:30,df6470a31b744b2e,294.000,294.000,-1666.000
2026-09-18T14:25:31,df6470a31b744b2e,196.000,294.000,-1666.000
2026-09-18T14:25:32,df6470a31b744b2e,196.000,196.000,-1666.000
2026-09-18T14:25:33,df6470a31b744b2e,196.000,196.000,-1666.000
2026-09-18T14:25:34,df6470a31b744b2e,294.000,294.000,-1764.000
2026-09-18T14:25:35,df6470a31b744b2e,0.000,98.000,-1862.000
2026-09-18T14:25:36,df6470a31b744b2e,98.000,98.000,-1764.000
2026-09-18T14:25:37,df6470a31b744b2e,294.000,196.000,-1568.000
2026-09-18T14:25:38,df6470a31b744b2e,196.000,196.000,-1470.000
2026-09-18T14:25:39,df6470a31b744b2e,0.000,294.000,-1568.000
2026-09-18T14:25:40,df6470a31b744b2e,98.000,294.000,-1666.000
2026-09-18T14:25:41,df6470a31b744b2e,294.000,0.000,-1862.000
2026-09-18T14:25:42,df6470a31b744b2e,294.000,196.000,-1568.000
2026-09-18T14:25:43,df6470a31b744b2e,196.000,196.000,-1666.000
2026-09-18T14:25:44,df6470a31b744b2e,196.000,196.000,-1666.000
2026-09-18T14:25:45,df6470a31b744b2e,294.000,294.000,-1666.000
2026-09-18T14:25:46,df6470a31b744b2e,98.000,98.000,-1568.000
2026-09-18T14:25:47,df6470a31b744b2e,588.000,196.000,-1470.000
2026-09-18T14:25:48,df6470a31b744b2e,196.000,98.000,-1666.000
2026-09-18T14:25:49,df6470a31b744b2e,196.000,294.000,-1666.000
2026-09-18T14:25:50,df6470a31b744b2e,98.000,196.000,-1372.000
2026-09-18T14:25:51,df6470a31b744b2e,0.000,490.000,-1470.000
2026-09-18T14:25:52,df6470a31b744b2e,294.000,294.000,-1764.000
2026-09-18T14:25:53,df6470a31b744b2e,196.000,196.000,-1764.000
2026-09-18T14:25:54,df6470a31b744b2e,98.000,98.000,-1666.000
2026-09-18T14:25:55,df6470a31b744b2e,392.000,196.000,-1372.000
2026-09-18T14:25:56,df6470a31b744b2e,196.000,392.000,-1568.000
2026-09-18T14:26:20,df6470a31b744b2e,0.000,294.000,-1568.000
2026-09-18T14:26:21,df6470a31b744b2e,98.000,294.000,-1568.000
2026-09-18T14:26:22,df6470a31b744b2e,294.000,392.000,-1568.000
2026-09-18T14:26:23,df6470a31b744b2e,196.000,196.000,-1470.000
2026-09-18T14:26:24,df6470a31b744b2e,98.000,196.000,-1372.000
2026-09-18T14:26:25,df6470a31b744b2e,-98.000,196.000,-1470.000
2026-09-18T14:26:26,df6470a31b744b2e,196.000,196.000,-1470.000
2026-09-18T14:26:27,df6470a31b744b2e,392.000,98.000,-1568.000
2026-09-18T14:26:28,df6470a31b744b2e,98.000,0.000,-1666.000
2026-09-18T14:26:29,df6470a31b744b2e,294.000,196.000,-1568.000
2026-09-18T14:26:30,df6470a31b744b2e,98.000,98.000,-1568.000
2026-09-18T14:26:31,df6470a31b744b2e,98.000,294.000,-1666.000
2026-09-18T14:26:32,df6470a31b744b2e,98.000,294.000,-1764.000
2026-09-18T14:26:33,df6470a31b744b2e,196.000,98.000,-1568.000
2026-09-18T14:26:34,df6470a31b744b2e,0.000,294.000,-1568.000
2026-09-18T14:26:35,df6470a31b744b2e,98.000,294.000,-1568.000
2026-09-18T14:26:36,df6470a31b744b2e,98.000,196.000,-1470.000
2026-09-18T14:26:37,df6470a31b744b2e,98.000,196.000,-1568.000
2026-09-18T14:26:38,df6470a31b744b2e,98.000,294.000,-1666.000
2026-09-18T14:26:39,df6470a31b744b2e,196.000,196.000,-1372.000
2026-09-18T14:26:40,df6470a31b744b2e,98.000,196.000,-1568.000
2026-09-18T14:26:41,df6470a31b744b2e,196.000,294.000,-1274.000
2026-09-18T14:26:42,df6470a31b744b2e,294.000,196.000,-1666.000
2026-09-18T14:26:43,df6470a31b744b2e,196.000,98.000,-1372.000
2026-09-18T14:26:44,df6470a31b744b2e,98.000,196.000,-1470.000
2026-09-18T14:26:45,df6470a31b744b2e,98.000,196.000,-1666.000
2026-09-18T14:26:46,df6470a31b744b2e,294.000,392.000,-1372.000
2026-09-18T14:26:47,df6470a31b744b2e,196.000,196.000,-1372.000
2026-09-18T14:26:48,df6470a31b744b2e,196.000,196.000,-1470.000
2026-09-18T14:26:49,df6470a31b744b2e,196.000,0.000,-1568.000
2026-09-18T14:26:50,df6470a31b744b2e,98.000,294.000,-1568.000
2026-09-18T14:26:51,df6470a31b744b2e,196.000,196.000,-1568.000
2026-09-18T14:26:52,df6470a31b744b2e,196.000,294.000,-1764.000
2026-09-18T14:26:53,df6470a31b744b2e,196.000,0.000,-1372.000
2026-09-18T14:26:54,df6470a31b744b2e,196.000,294.000,-1568.000
2026-09-18T14:26:55,df6470a31b744b2e,98.000,98.000,-1470.000
2026-09-18T14:26:56,df6470a31b744b2e,98.000,98.000,-1568.000
2026-09-18T14:26:57,df6470a31b744b2e,294.000,98.000,-1470.000
2026-09-18T14:26:58,df6470a31b744b2e,294.000,196.000,-1666.000
2026-09-18T14:26:59,df6470a31b744b2e,196.000,490.000,-1666.000
2026-09-18T14:27:00,df6470a31b744b2e,98.000,392.000,-1470.000
2026-09-18T14:27:01,df6470a31b744b2e,294.000,98.000,-1372.000
2026-09-18T14:27:02,df6470a31b744b2e,392.000,294.000,-1470.000
2026-09-18T14:27:03,df6470a31b744b2e,196.000,294.000,-1568.000
2026-09-18T14:27:04,df6470a31b744b2e,0.000,392.000,-1568.000
2026-09-18T14:27:05,df6470a31b744b2e,98.000,392.000,-1470.000
2026-09-18T14:27:06,df6470a31b744b2e,294.000,196.000,-1470.000
2026-09-18T14:27:07,df6470a31b744b2e,196.000,294.000,-1568.000
2026-09-18T14:27:08,df6470a31b744b2e,98.000,196.000,-1372.000
2026-09-18T14:27:09,df6470a31b744b2e,98.000,0.000,-1470.000
2026-09-18T14:27:10,df6470a31b744b2e,196.000,196.000,-1666.000
2026-09-18T14:27:11,df6470a31b744b2e,98.000,392.000,-1470.000
2026-09-18T14:27:12,df6470a31b744b2e,294.000,294.000,-1470.000
2026-09-18T14:27:13,df6470a31b744b2e,196.000,196.000,-1372.000
2026-09-18T14:27:14,df6470a31b744b2e,196.000,98.000,-1470.000
2026-09-18T14:27:15,df6470a31b744b2e,98.000,392.000,-1470.000
2026-09-18T14:27:16,df6470a31b744b2e,490.000,196.000,-1568.000
2026-09-18T14:27:17,df6470a31b744b2e,98.000,98.000,-1568.000
2026-09-18T14:27:18,df6470a31b744b2e,294.000,294.000,-1568.000
2026-09-18T14:27:19,df6470a31b744b2e,196.000,392.000,-1372.000
2026-09-18T14:27:20,df6470a31b744b2e,196.000,98.000,-1470.000
